0;0;0;0;x;x;
1;166;35;13;GALEND;x;
2;170;35;13;KALTSHURE;x;
3;172;35;13;UMLAUD;x;
4;174;35;13;MIDDENEN;x;
5;161;28;28;DERAN;x;
6;176;35;13;MULGEHT;x;
7;167;28;28;FURBEC;x;
8;164;28;28;UOPSHOR;x;
9;158;28;28;APENAU;x;
10;155;28;28;HENECSAND;x;
11;171;28;28;MEROC;x;
12;174;28;28;DERTFELD;x;
13;177;28;28;URONC;x;
14;180;28;28;HOYKGERUN;x;
15;159;35;13;NOGRENT;x;
16;155;35;13;HOCHWEG;x;
17;153;35;13;WANUBERG;x;
18;151;35;13;HALUVAN;x;
19;145;26;18;PRAVEND;x;
20;143;26;18;TALBURG;x;
21;141;26;18;CALIFURT;x;
22;139;26;18;VILLIND;x;
23;137;26;18;ORSILAN;x;
24;135;26;18;GALIAN;x;
25;133;26;18;HARTHAR;x;
26;131;26;18;ETERNAC;x;
27;145;18;18;RULUND;x;
28;147;18;18;VALOCREST;x;
29;149;18;18;MYKLIND;x;
30;151;18;18;FOILDFARD;x;
31;153;18;18;MONTAR;x;
32;145;22;18;LARNAC;x;
33;147;22;18;SCRENAR;x;
34;149;22;18;ROCELUS;x;
35;151;22;18;POCLEDIA;x;
36;145;18;13;PALISONA;x;
37;143;18;13;TAULIVAN;x;
38;141;18;13;RULTSON;x;
39;139;18;13;CANALIA;x;
40;137;18;13;HILLIOME;x;
41;112;13;0;CALEUS CASTLE;x;
42;116;13;0;WESMURON;x;
43;120;13;0;WESGEN;x;
44;124;13;0;TALINC;x;
45;128;13;0;DOSSWIN CASTLE;x;
46;137;16;0;DERIAT;x;
47;125;16;0;TAIKILD;x;
48;130;16;0;WESSPLAIN;x;
49;135;16;0;GAUSAND CASTLE;x;
50;107;12;0;CALEUS;x;
51;110;12;0;KULUM;x;
52;115;12;0;DAUSHOLD CASTLE;x;
53;120;12;0;PASCALE;x;
54;99;10;11;CHARAS;x;
55;99;12;11;VORDOSS;x;
56;99;14;11;ARMAGAST;x;
57;99;16;11;COURAD;x;
58;99;18;11;GAUNLAN;x;
59;99;20;11;FRICHEN;x;
60;99;10;13;VESIN;x;
61;99;12;13;ELIND;x;
62;99;14;13;ESCRACON;x;
63;99;16;13;MYKILD;x;
64;99;18;13;RANELBA;x;
65;99;10;15;SAVINTH;x;
66;99;12;15;ROCLEUS;x;
67;99;14;15;FOIDERN;x;
68;99;16;15;WESKIRCH;x;
69;145;31;18;DRAPAND CASTLE;x;
70;147;31;18;BALANLI;x;
71;149;31;18;DARPENAU;x;
72;151;31;18;GELDILD;x;
73;153;31;18;TEVARIN;x;
74;145;37;18;VALANBY;x;
75;143;37;18;VLAANSTADT;x;
76;141;37;18;VLAANDERKIRCH;x;
77;139;37;18;HUHNEFELD;x;
78;145;28;13;DRAPAND;x;
79;143;28;13;HUHNERBRUC;x;
80;141;28;13;APBURG;x;
81;139;28;13;DRANUC;x;
82;137;28;13;NENFARD;x;
83;171;35;13;HONGARD CASTLE;x;
84;173;35;13;HENGARTH;x;
85;177;35;13;RONATH;x;
86;180;35;13;HUNGERD;x;
87;171;28;13;FERTON;x;
88;168;28;13;NEMECFURD;x;
89;166;28;13;HIELENG;x;
90;162;28;13;NIEMECFELD;x;
91;145;24;13;HONGARD;x;
92;142;24;13;VEIDAR;x;
93;139;24;13;VEIDSTADT;x;
94;133;24;13;LOCHNAR;x;
95;135;24;13;DAYMAS;x;
96;129;24;13;OLACH;x;
97;131;24;13;MYNERAS;x;
98;154;28;28;JACULAN;x;
99;151;28;28;NORDEPUNKT;x;
100;148;28;28;DELAC;x;
101;145;28;28;ROCHEN;x;
102;142;28;28;AVIBRUN;x;
103;152;26;31;AVAWUD;x;
104;158;30;25;CHORNAD;x;
105;155;30;25;RONSHERE;x;
106;152;30;25;AURVAL;x;
107;149;30;25;NEUROTH;x;
108;163;26;31;ALORSTAN;x;
109;155;26;31;ATAAR;x;
110;150;26;31;ALORSTOTH;x;
111;147;26;31;ASVEL;x;
112;146;93;28;ARROMANC;x;
113;143;93;28;WALDAU;x;
114;140;93;28;STERNEN;x;
115;137;93;28;BALAMB;x;
116;146;78;28;MOT;x;
117;149;78;28;AHORN;x;
118;153;78;28;HOHEN;x;
119;156;78;28;ROSENAU;x;
120;138;66;20;OCS HALL;x;
121;136;66;20;COLLERAC;x;
122;134;66;20;NACEST;x;
123;132;66;20;PLOUYE;x;
124;131;66;20;KERLOUAN;x;
125;129;66;20;VELON;x;
126;145;66;20;MAREIVEN;x;
127;147;66;20;RILLAND;x;
128;149;66;20;DERVAL;x;
129;151;66;20;GUER;x;
130;145;42;20;FREGIAN;x;
131;147;42;20;AZGAD;x;
132;149;42;20;ABBAROND;x;
133;151;42;20;GORRON;x;
134;128;66;20;ORITAN;x;
135;126;66;20;ANGOIN;x;
136;124;66;20;POLIGNAC;x;
137;122;66;20;REDEL;x;
138;120;66;20;ORMANFARD CASTLE;x;
139;118;66;20;CARADARN;x;
140;116;66;20;TIBYRMERE;x;
141;114;66;20;DORNAREN;x;
142;112;66;20;ROSCART;x;
143;110;66;20;GOYDEMAR;x;
144;127;40;20;ORMANFARD;x;
145;125;40;20;TREFFRIN;x;
146;120;40;20;ACHFURD;x;
147;116;40;20;SITTARD;x;
148;150;30;15;OSTICAN;x;
149;155;30;15;TALINOR;x;
150;160;30;15;VESORIN;x;
151;165;30;15;ORINHALL;x;
152;170;30;15;RODIMERE;x;
153;150;20;3;CANANC;x;
154;141;20;3;PRYDALE;x;
155;144;20;3;MEROVA;x;
156;147;20;3;GLENIRIN;x;
157;150;36;21;HORSGER;x;
158;140;36;21;STEANWARD;x;
159;145;36;21;LORBEN;x;
160;150;25;9;REMENTAL;x;
161;152;25;9;CALIGAL;x;
162;154;25;9;FUROVA;x;
163;156;25;9;DRALVARIA;x;
164;150;38;24;ROVALT;x;
165;155;38;24;VOISSON;x;
166;160;38;24;ROILET;x;
167;165;38;24;ODERAIC;x;
168;170;38;24;POLARVAL;x;
169;150;47;24;HALIVUST;x;
170;140;47;24;MARYNOR;x;
171;134;45;16;RARVEL;x;
172;145;47;24;LORVAL;x;
173;137;40;27;ALANTAS;x;
174;143;40;27;ANGELORN;x;
175;149;40;27;JORCART;x;
176;155;40;27;DORRAN;x;
177;128;93;28;SARGOT;x;
178;125;93;28;CALDAR;x;
179;122;93;28;DRAVAL;x;
180;119;93;28;SANORIN;x;
181;116;93;28;RYGBEN;x;
182;181;32;23;HARLLON;x;
183;175;32;23;ERDYNFURD;x;
184;146;28;28;CALIOC;x;
185;143;28;28;ONTINOR;x;
186;140;28;28;ALIVMERE;x;
187;137;28;28;OCSDALE;x;
188;178;32;23;ORITON;x;
189;113;93;28;ETIRFURD;x;
190;110;93;28;IRVALIS;x;
191;107;93;28;ODEWYCK;x;
192;104;93;28;SCALIS;x;
193;101;93;28;HALITYR;x;
194;124;32;32;TALIVEL CASTLE;x;
195;118;32;32;ALDENOR;x;
196;140;41;28;CALIOTH;x;
197;137;41;28;ARETH;x;
198;137;35;35;RODETAN;x;
199;135;35;35;DAKSEN;x;
200;133;35;35;WYCONAM;x;
201;137;38;31;BARONNE;x;
202;134;38;31;GIVORS;x;
203;162;28;28;TALIVEL;x;
204;166;28;28;KERAVEL;x;
205;165;28;28;CREMLAR;x;
206;170;28;28;CARNDACH;x;
207;160;18;0;TIRBY CASTLE;x;
208;155;18;0;GULD;x;
209;150;18;0;ESTHILL;x;
210;145;18;0;NORDEKIRCH;x;
211;170;19;0;SIRINDAC;x;
212;155;19;0;GURUND;x;
213;160;19;0;WEYKFELD;x;
214;165;19;0;ERMURAN;x;
215;150;17;0;TIRBY;x;
216;135;17;0;TEREBOLD;x;
217;140;17;0;TEREBY;x;
218;145;17;0;HOGT;x;
219;66;47;28;USANC CASTLE;x;
220;69;47;28;GODEWOISSON;x;
221;72;47;28;GUIFREFURD;x;
222;75;47;28;LARNDOIS;x;
223;66;49;30;GUENLAR;x;
224;63;49;30;YVIAS;x;
225;62;43;28;USANC;x;
226;59;43;28;NEAU;x;
227;56;43;28;VITRON;x;
228;52;43;28;MALESTROIT;x;
229;49;43;28;MOLAC;x;
230;46;43;28;CAMLESSOIN;x;
231;145;60;20;VERECSAND CASTLE;x;
232;143;60;20;VEURNAK;x;
233;141;60;20;GAROIN;x;
234;139;60;20;CREVIN;x;
235;137;60;20;THUINOC;x;
236;145;55;20;VERECSAND;x;
237;147;55;20;AULANC;x;
238;149;55;20;SOUMOI;x;
239;151;55;20;SARTURFURD;x;
240;145;48;20;MARIN;x;
241;142;48;20;AVACROND;x;
242;139;48;20;HARING;x;
243;136;48;20;ERMONC;x;
244;133;48;20;GAMANDAR;x;
245;0;87;16;MARUNATH;x;
246;0;82;16;EDWANEU;x;
247;5;82;16;HYDDARAN;x;
248;12;82;16;BAEDIRAN;x;
249;0;103;16;EBERETH;x;
250;10;103;16;SPIORAIG;x;
251;15;103;16;DACHIORAD;x;
252;0;91;16;ATH CAFAL;x;
253;10;91;20;GUTHACHIG;x;
254;20;91;20;ARATHEACH;x;
255;11;87;16;DALMENGUS;x;
256;5;92;10;WRYLLYN;x;
257;15;92;10;FALBYRH;x;
258;3;87;16;BEGLOMUAR;x;
259;13;87;16;MILWRED;x;
260;16;87;16;CANOETHIA;x;
261;0;109;16;CAR BANSETH;x;
262;3;109;16;LEARHAD;x;
263;5;109;16;ARGEANAT;x;
264;7;109;16;HYRCH;x;
265;0;107;16;GEUNAT NAL;x;
266;4;107;16;BLYGIADD;x;
267;2;107;16;EULWEN;x;
268;28;82;20;TOR LEIAD;x;
269;26;82;20;SORCILIDRAU;x;
270;24;82;20;SCOILTENOIC;x;
271;11;82;20;BOG BETH;x;
272;9;82;20;SCRIAMH;x;
273;7;82;20;CORSFYNN;x;
274;0;115;16;ASTER CASTLE;x;
275;11;115;16;HURTHIL;x;
276;15;115;16;NERTHAGYFN;x;
277;0;123;14;IMLAGH;x;
278;11;123;14;IACHYD;x;
279;13;123;14;DORIAID;x;
280;9;123;14;CENFYDD;x;
281;0;120;15;ASTER;x;
282;33;120;15;GWLACERWI;x;
283;22;120;15;MASNIW;x;
284;11;120;15;MORLAS;x;
285;0;97;16;LLANOC HEN CASTLE;x;
286;5;97;16;TYADIHELG;x;
287;10;97;16;NIHERAB;x;
288;0;100;16;LLANOC HEN;x;
289;10;100;16;RHEIDDIOL;x;
290;20;100;16;CYFANNA;x;
291;30;100;16;BLYNEDIG;x;
292;0;94;16;CANTREC;x;
293;15;94;16;FFITIR;x;
294;25;94;16;GORODID;x;
295;35;94;16;DEHEUIDA;x;
296;126;201;24;DUNGLANYS;x;
297;119;201;24;COEGLAN;x;
298;121;201;24;YSGWREIDD;x;
299;123;201;24;MAEHOPLA;x;
300;0;121;14;DIANTOGMAIL;x;
301;3;121;14;RYCHINAIL;x;
302;5;121;14;OBYTHIA;x;
303;7;121;14;FYSIGARTH;x;
304;0;125;14;MORIHIG;x;
305;11;125;14;PWRYILAD;x;
306;15;125;14;DRYSAU;x;
307;0;117;14;GLENLITHRIG;x;
308;3;117;14;CHLEDAU;x;
309;6;117;14;GANDINAFA;x;
310;9;117;14;BRYN LLACHAR;x;
311;23;91;20;FLINTOLG CASTLE;x;
312;25;91;20;TEORANNIS;x;
313;27;91;20;CRONAPAN;x;
314;29;91;20;LUSINAGRAN;x;
315;23;91;16;GLINTOR;x;
316;25;91;16;ABHEAR;x;
317;27;91;16;GABHAILE;x;
318;23;91;25;FLINTOLG;x;
319;21;91;25;SYLFFAS;x;
320;19;91;25;TIRALEN;x;
321;17;91;25;HAYSIN;x;
322;66;82;20;DRUIMMOR CASTLE;x;
323;64;82;20;ABHABAN;x;
324;62;82;20;NATURDIAL;x;
325;60;82;20;MADDEUANT;x;
326;97;82;20;DRUIMMOR;x;
327;94;82;20;DIMEAS;x;
328;91;82;20;FATERWYCH;x;
329;51;82;20;TOR MELINA;x;
330;49;82;20;CYINSIAS;x;
331;47;82;20;TIRGADIS;x;
332;7;87;16;RHEMTOIL CASTLE;x;
333;12;87;16;RYELMN;x;
334;17;87;16;PEN GWEDLYS;x;
335;22;87;16;AFON MYRAIS;x;
336;23;91;50;RHEMTOIL;x;
337;26;91;50;MYRFA;x;
338;29;91;50;CYLAU;x;
339;32;91;50;DRAFYNN;x;
340;23;91;45;CLAIG BAN;x;
341;27;91;45;TAIBSEAV;x;
342;32;91;45;CIAPTHRAIS;x;
343;23;91;30;UTHELAIM CASTLE;x;
344;28;91;30;LEANON;x;
345;33;91;30;FAIMAC;x;
346;38;91;30;ACHMILL;x;
347;23;91;40;UTHELAIM;x;
348;30;91;40;SAMLAIOCH;x;
349;37;91;40;FEICEAN;x;
350;44;91;40;RHYFEL;x;
351;23;91;35;SEORDAS;x;
352;18;91;35;PUILIAB;x;
353;12;91;35;CHALAOAIS;x;
354;0;105;16;PENDRAIC CASTLE;x;
355;5;105;16;CEANNEA;x;
356;10;105;16;DALYGSO;x;
357;15;105;16;SBADYLLWCH;x;
358;20;105;16;AEFFOU;x;
359;0;119;14;LINDORN;x;
360;3;119;14;CASTAMORGH;x;
361;5;119;14;RAIDEAGH;x;
362;7;119;14;MELLTANN;x;
363;9;119;14;TARFOLA;x;
364;1;100;16;PENDRAIC;x;
365;4;100;16;ENITEOIR;x;
366;8;100;16;ISTITAOBH;x;
367;12;100;16;EINDUN;x;
368;17;91;16;SEONON;x;
369;15;95;16;DWADEIN;x;
370;16;95;16;SWEITHI;x;
371;14;95;16;RHEOLATH;x;
372;19;91;16;ANDURN;x;
373;15;91;16;CARIADA;x;
374;14;91;16;SYNEBIA;x;
375;21;91;16;SWENRYN;x;
376;16;85;16;CHWINOM;x;
377;11;85;16;OLAFONOM;x;
378;6;85;16;OHALNOM;x;
379;31;91;16;BRYN GLAS;x;
380;24;91;16;SYRTHON;x;
381;30;91;16;GWAIN;x;
382;13;91;16;MAG ARBA;x;
383;10;81;16;WYVORA;x;
384;20;81;16;IGFRARAN;x;
385;23;86;50;PEN CANNOC;x;
386;25;86;50;ELLYSFAN;x;
387;27;86;50;CALIBRAGG;x;
388;29;86;50;DYGTHURS;x;
389;31;86;50;DUWEDDTAW;x;
390;0;73;15;GWEYNDATH;x;
391;19;81;50;GAINSETH;x;
392;21;81;50;PRYNFAE;x;
393;23;81;50;YMLADWRYG;x;
394;19;76;48;DURN;x;
395;17;76;48;EINION;x;
396;15;76;48;CRYMANS;x;
397;13;76;48;FIAWNHADD;x;
398;11;66;46;FENON ETIR;x;
399;25;66;46;STWAD;x;
400;30;66;46;CWADRYGA;x;
401;19;71;46;AB COMER CASTLE;x;
402;25;71;46;ATHAIRN;x;
403;23;71;46;DHETHAIR;x;
404;21;71;46;GEANEIMH;x;
405;11;66;36;AB COMER;x;
406;15;66;36;CAETSICH;x;
407;19;66;36;STYFFLOM;x;
408;21;66;36;CALYDOM;x;
409;11;71;46;INVETH;x;
410;8;71;46;CYRANCID;x;
411;5;71;46;EDILLOCN;x;
412;150;85;114;JALMARYS;x;
413;152;85;114;JALMARYS_1;x;
414;154;85;114;JALMARYS_2;x;
415;156;85;114;JALMARYS_3;x;
416;158;85;114;JALMARYS_4;x;
417;160;85;114;JALMARYS_5;x;
418;162;85;114;JALMARYS_6;x;
419;164;85;114;JALMARYS_7;x;
420;181;45;106;AEGOSCA;x;
421;179;45;106;AEGOSCA_1;x;
422;177;45;106;AEGOSCA_2;x;
423;175;45;106;AEGOSCA_3;x;
424;140;79;107;DRADIOS;x;
425;138;79;107;DRADIOS_1;x;
426;136;79;107;DRADIOS_2;x;
427;134;79;107;DRADIOS_3;x;
428;132;79;107;DRADIOS_4;x;
429;130;79;107;DRADIOS_5;x;
430;158;47;97;AMITATYS;x;
431;156;47;97;MESAGLIA;x;
432;154;47;97;LEFKOSSOS;x;
433;152;47;97;THEALIMNOS;x;
434;150;47;97;THEOSLIMNOS;x;
435;148;47;97;EUNASSOS;x;
436;158;42;94;ELIPA;x;
437;156;42;94;ALICAIOS;x;
438;154;42;94;SYNORION;x;
439;152;42;94;PEDIOS;x;
440;150;42;94;AJOGUSSA;x;
441;145;82;110;PHASOS;x;
442;143;82;110;APATHOS;x;
443;141;82;110;APALAKOS;x;
444;139;82;110;MEGALA APATHOS;x;
445;137;82;110;KORA KISMEION;x;
446;158;39;92;THORIOS CASTLE;x;
447;156;39;92;SIGNORION;x;
448;154;39;92;MEGALA SIGNORION;x;
449;152;39;92;ESPARTAKION;x;
450;163;40;95;THORIOS;x;
451;165;40;95;ESOMONEKE;x;
452;167;40;95;ADEIASSOS;x;
453;171;40;95;MESALAKA;x;
454;175;40;95;MOUSSAKKA;x;
455;168;42;98;BERGUM;x;
456;166;42;98;POSOTROMOS;x;
457;164;42;98;ADEIA;x;
458;162;42;98;ESSAMESCORION;x;
459;160;42;98;OUSAKKOS;x;
460;160;80;116;GERSEGOS CASTLE;x;
461;162;80;116;KALV;x;
462;164;80;116;PROMITHEIA;x;
463;166;80;116;TIPAL;x;
464;168;80;116;EXIHOS;x;
465;184;92;132;GERSEGOS;x;
466;182;92;132;KATOIKAS;x;
467;180;92;132;EKKLISIA;x;
468;178;92;132;ORONICA;x;
469;158;79;114;VATHEA;x;
470;156;79;114;VATHEA_1;x;
471;154;79;114;VATHEA_2;x;
472;152;79;114;VATHEA_3;x;
473;150;79;114;VATHEA_4;x;
474;135;70;99;RHOTAE;x;
475;133;70;99;RHOTAE_1;x;
476;131;70;99;RHOTAE_2;x;
477;129;70;99;RHOTAE_3;x;
478;127;70;99;RHOTAE_4;x;
479;125;70;99;RHOTAE_5;x;
480;123;70;99;RHOTAE_6;x;
481;145;72;105;CARPHENION;x;
482;147;72;105;CARPHENION_1;x;
483;149;72;105;CARPHENION_2;x;
484;151;72;105;CARPHENION_3;x;
485;153;72;105;CARPHENION_4;x;
486;155;72;105;CARPHENION_5;x;
487;135;74;101;THERSENION;x;
488;137;74;101;THERSENION_1;x;
489;139;74;101;THERSENION_2;x;
490;141;74;101;THERSENION_3;x;
491;143;74;101;THERSENION_4;x;
492;181;83;127;LEBLENION;x;
493;179;81;127;LEBLENION_1;x;
494;177;81;127;LEBLENION_2;x;
495;175;81;127;LEBLENION_3;x;
496;173;81;127;LEBLENION_4;x;
497;158;61;105;ZEONICA;x;
498;156;61;105;ZEONICA_1;x;
499;154;61;105;ZEONICA_2;x;
500;152;61;105;ZEONICA_3;x;
501;150;61;105;ZEONICA_4;x;
502;148;61;105;ZEONICA_5;x;
503;146;61;105;ZEONICA_6;x;
504;160;61;105;ZEONICA_7;x;
505;158;82;116;NEOCORYS;x;
506;156;82;116;NEOCORYS_1;x;
507;154;82;116;NEOCORYS_2;x;
508;152;82;116;NEOCORYS_3;x;
509;150;82;116;NEOCORYS_4;x;
510;158;64;106;NEOCORYS_5;x;
511;160;64;106;NEOCORYS_6;x;
512;162;64;106;NEOCORYS_7;x;
513;164;64;106;NEOCORYS_8;x;
514;166;64;106;NEOCORYS_9;x;
515;175;107;138;ALSASOS;x;
516;173;107;138;ALSASOS_1;x;
517;171;107;138;ALSASOS_2;x;
518;169;107;138;ALSASOS_3;x;
519;167;107;138;ALSASOS_4;x;
520;158;55;101;ONICA CASTLE;x;
521;160;55;101;ONICA CASTLE_1;x;
522;162;55;101;ONICA CASTLE_2;x;
523;164;55;101;ONICA CASTLE_3;x;
524;166;55;101;ONICA CASTLE_4;x;
525;168;55;101;ONICA CASTLE_5;x;
526;158;58;103;TARCUTIS;x;
527;156;58;103;TARCUTIS_1;x;
528;154;58;103;TARCUTIS_2;x;
529;152;58;103;TARCUTIS_3;x;
530;150;58;103;TARCUTIS_4;x;
531;158;50;98;ONICA;x;
532;156;50;98;ONICA_1;x;
533;154;50;98;ONICA_2;x;
534;152;50;98;ONICA_3;x;
535;175;105;120;LAGETA;x;
536;175;105;118;LAGETA_1;x;
537;175;105;116;LAGETA_2;x;
538;175;105;114;LAGETA_3;x;
539;175;105;112;LAGETA_4;x;
540;175;105;110;LAGETA_5;x;
541;179;105;132;PRIMESSOS;x;
542;178;105;132;PRIMESSOS_1;x;
543;174;105;114;PRIMESSOS_2;x;
544;174;105;116;PRIMESSOS_3;x;
545;171;105;120;MONTOS;x;
546;171;105;122;MONTOS_1;x;
547;171;105;124;MONTOS_2;x;
548;171;105;126;MONTOS_3;x;
549;171;105;128;MONTOS_4;x;
550;143;105;109;GARONTOR CASTLE;x;
551;145;105;109;OUSASIGNIRO;x;
552;147;105;109;XARAXASSOS;x;
553;149;105;109;MESMAKATHI;x;
554;155;105;120;LYSIA;x;
555;157;105;120;PAGOGIKA;x;
556;159;105;120;NAVRAK;x;
557;161;105;120;KYRIARCH;x;
558;143;105;120;GARANTOR;x;
559;143;103;120;ASTISMEN;x;
560;143;101;120;GERRIKLA;x;
561;143;99;120;LAGIOS;x;
562;184;97;132;HERTOGEA CASTLE;x;
563;180;97;132;HERTOGEA CASTLE_1;x;
564;178;97;132;HERTOGEA CASTLE_2;x;
565;176;97;132;HERTOGEA CASTLE_3;x;
566;174;97;132;HERTOGEA CASTLE_4;x;
567;184;105;132;HERTOGEA;x;
568;181;105;132;HERTOGEA_1;x;
569;177;105;132;HERTOGEA_2;x;
570;175;105;132;HERTOGEA_3;x;
571;173;105;132;HERTOGEA_4;x;
572;171;105;132;HERTOGEA_5;x;
573;182;105;132;NIDEON;x;
574;185;105;132;NIDEON_1;x;
575;186;105;132;NIDEON_2;x;
576;188;105;132;NIDEON_3;x;
577;190;105;132;NIDEON_4;x;
578;168;102;132;ORISTOCORYS CASTLE;x;
579;166;102;132;ORISTOCORYS CASTLE_1;x;
580;164;102;132;ORISTOCORYS CASTLE_2;x;
581;162;102;132;ORISTOCORYS CASTLE_3;x;
582;160;102;132;ORISTOCORYS CASTLE_4;x;
583;158;102;132;ORISTOCORYS CASTLE_5;x;
584;168;99;130;ELVANIA;x;
585;170;99;130;ELVANIA_1;x;
586;172;99;130;ELVANIA_2;x;
587;174;99;130;ELVANIA_3;x;
588;176;99;130;ELVANIA_4;x;
589;168;95;128;ORISTOCORYS;x;
590;166;95;128;ORISTOCORYS_1;x;
591;162;95;128;ORISTOCORYS_2;x;
592;160;95;128;ORISTOCORYS_3;x;
593;158;95;128;ORISTOCORYS_4;x;
594;158;105;120;ORTYSIA;x;
595;162;105;120;ORTYSIA_1;x;
596;165;105;120;ORTYSIA_2;x;
597;168;105;120;ORTYSIA_3;x;
598;173;105;120;ORTYSIA_4;x;
599;174;105;120;ORTYSIA_5;x;
600;177;105;120;ORTYSIA_6;x;
601;180;105;120;ORTYSIA_7;x;
602;163;93;124;VINELA;x;
603;165;93;124;VINELA_1;x;
604;167;93;124;VINELA_2;x;
605;169;93;124;VINELA_3;x;
606;171;93;124;VINELA_4;x;
607;163;105;120;GARENGOLIA;x;
608;163;105;117;GARENGOLIA_1;x;
609;163;105;114;GARENGOLIA_2;x;
610;163;105;111;GARENGOLIA_3;x;
611;163;105;108;GARENGOLIA_4;x;
612;155;88;118;ARPOTIS;x;
613;157;88;118;ARPOTIS_1;x;
614;159;88;118;ARPOTIS_2;x;
615;161;88;118;ARPOTIS_3;x;
616;143;77;109;THRACTORAE CASTLE;x;
617;143;77;112;THRACTORAE CASTLE_1;x;
618;143;77;115;THRACTORAE CASTLE_2;x;
619;143;77;118;THRACTORAE CASTLE_3;x;
620;143;77;121;THRACTORAE CASTLE_4;x;
621;143;93;109;THRACTORAE;x;
622;143;93;112;THRACTORAE_1;x;
623;143;93;115;THRACTORAE_2;x;
624;143;93;118;THRACTORAE_3;x;
625;143;93;121;THRACTORAE_4;x;
626;143;78;109;GAMARDAN;x;
627;143;78;106;GAMARDAN_1;x;
628;143;78;103;GAMARDAN_2;x;
629;143;78;100;GAMARDAN_3;x;
630;143;78;97;GAMARDAN_4;x;
631;143;78;94;GAMARDAN_5;x;
632;124;77;93;VERON CASTLE;x;
633;127;77;93;VERON CASTLE_1;x;
634;130;77;93;VERON CASTLE_2;x;
635;133;77;93;VERON CASTLE_3;x;
636;124;77;109;GOLERYN;x;
637;127;77;109;GOLERYN_1;x;
638;130;77;109;GOLERYN_2;x;
639;133;77;109;GOLERYN_3;x;
640;136;77;109;GOLERYN_4;x;
641;167;105;120;VERON;x;
642;167;105;124;VERON_1;x;
643;167;105;127;VERON_2;x;
644;167;105;130;VERON_3;x;
645;167;105;133;VERON_4;x;
646;167;105;136;VERON_5;x;
647;116;91;117;DIATHMA;x;
648;118;91;117;DIATHMA_1;x;
649;120;91;117;DIATHMA_2;x;
650;122;91;117;DIATHMA_3;x;
651;124;91;117;DIATHMA_4;x;
652;126;91;117;DIATHMA_5;x;
653;126;99;127;ALOSEA;x;
654;128;99;127;ALOSEA_1;x;
655;130;99;127;ALOSEA_2;x;
656;132;99;127;ALOSEA_3;x;
657;134;99;127;ALOSEA_4;x;
658;110;85;112;JERACOS;x;
659;112;85;112;JERACOS_1;x;
660;114;85;112;JERACOS_2;x;
661;116;85;112;JERACOS_3;x;
662;118;85;112;JERACOS_4;x;
663;114;77;119;ATACONIA CASTLE;x;
664;116;77;119;ATACONIA CASTLE_1;x;
665;118;77;119;ATACONIA CASTLE_2;x;
666;120;77;119;ATACONIA CASTLE_3;x;
667;123;77;119;ATACONIA CASTLE_4;x;
668;125;77;119;ATACONIA CASTLE_5;x;
669;122;82;127;ATACONIA;x;
670;124;82;127;ATACONIA_1;x;
671;126;82;127;ATACONIA_2;x;
672;128;82;127;ATACONIA_3;x;
673;130;82;127;ATACONIA_4;x;
674;110;72;112;POTAMIS;x;
675;112;72;112;POTAMIS_1;x;
676;114;72;112;POTAMIS_2;x;
677;116;72;112;POTAMIS_3;x;
678;118;72;112;POTAMIS_4;x;
679;120;72;112;POTAMIS_5;x;
680;138;88;145;ATRION CASTLE;x;
681;140;88;145;ATRION CASTLE_1;x;
682;142;88;145;ATRION CASTLE_2;x;
683;144;88;145;ATRION CASTLE_3;x;
684;146;88;145;ATRION CASTLE_4;x;
685;148;88;145;ATRION CASTLE_5;x;
686;139;94;145;MASANGARA;x;
687;141;94;145;MASANGARA_1;x;
688;143;94;145;MASANGARA_2;x;
689;145;94;145;MASANGARA_3;x;
690;147;94;145;MASANGARA_4;x;
691;149;94;145;MASANGARA_5;x;
692;166;128;175;ATRION;x;
693;164;128;175;ATRION_1;x;
694;162;128;175;ATRION_2;x;
695;160;128;175;ATRION_3;x;
696;168;133;170;EPICROTEA;x;
697;170;133;170;EPICROTEA_1;x;
698;172;133;170;EPICROTEA_2;x;
699;174;133;170;EPICROTEA_3;x;
700;176;133;170;EPICROTEA_4;x;
701;178;133;170;EPICROTEA_5;x;
702;173;131;175;STATHYMOS;x;
703;175;131;175;STATHYMOS_1;x;
704;177;131;175;STATHYMOS_2;x;
705;179;131;175;STATHYMOS_3;x;
706;181;131;175;STATHYMOS_4;x;
707;174;137;175;MARATHEA;x;
708;176;137;175;MARATHEA_1;x;
709;178;137;175;MARATHEA_2;x;
710;180;137;175;MARATHEA_3;x;
711;182;137;175;MARATHEA_4;x;
712;184;137;175;MARATHEA_5;x;
713;146;115;147;GYMOS;x;
714;148;115;147;GYMOS_1;x;
715;150;115;147;GYMOS_2;x;
716;152;115;147;GYMOS_3;x;
717;154;115;147;GYMOS_4;x;
718;163;129;165;MECALOVEA CASTLE;x;
719;165;129;165;MECALOVEA CASTLE_1;x;
720;167;129;165;MECALOVEA CASTLE_2;x;
721;169;129;165;MECALOVEA CASTLE_3;x;
722;171;129;165;MECALOVEA CASTLE_4;x;
723;156;123;158;AGALMON;x;
724;158;123;158;AGALMON_1;x;
725;160;123;158;AGALMON_2;x;
726;162;123;158;AGALMON_3;x;
727;163;123;158;AGALMON_4;x;
728;136;107;137;MECALOVEA;x;
729;138;107;137;MECALOVEA_1;x;
730;140;107;137;MECALOVEA_2;x;
731;142;107;137;MECALOVEA_3;x;
732;144;107;137;MECALOVEA_4;x;
733;146;107;137;MECALOVEA_5;x;
734;162;112;164;RHESOS CASTLE;x;
735;164;112;164;RHESOS CASTLE_1;x;
736;166;112;164;RHESOS CASTLE_2;x;
737;168;112;164;RHESOS CASTLE_3;x;
738;173;112;164;RHESOS CASTLE_4;x;
739;175;112;164;RHESOS CASTLE_5;x;
740;110;77;112;DYOPALIS;x;
741;112;77;112;DYOPALIS_1;x;
742;114;77;112;DYOPALIS_2;x;
743;116;77;112;DYOPALIS_3;x;
744;123;77;112;DYOPALIS_4;x;
745;110;81;112;RHESOS;x;
746;112;81;112;RHESOS_1;x;
747;114;81;112;RHESOS_2;x;
748;116;81;112;RHESOS_3;x;
749;130;81;112;RHESOS_4;x;
750;136;81;112;RHESOS_5;x;
751;163;116;175;SANEOPA;x;
752;165;116;175;SANEOPA_1;x;
753;167;116;175;SANEOPA_2;x;
754;169;116;175;SANEOPA_3;x;
755;171;116;175;SANEOPA_4;x;
756;173;116;175;SANEOPA_5;x;
757;175;116;175;SANEOPA_6;x;
758;160;96;175;ENOISA;x;
759;162;96;175;ENOISA_1;x;
760;164;96;175;ENOISA_2;x;
761;166;96;175;ENOISA_3;x;
762;168;96;175;ENOISA_4;x;
763;170;96;175;ENOISA_5;x;
764;129;87;135;CRIOS;x;
765;131;87;135;CRIOS_1;x;
766;133;87;135;CRIOS_2;x;
767;135;87;135;CRIOS_3;x;
768;137;87;135;CRIOS_4;x;
769;162;107;175;VARAGOS CASTLE;x;
770;164;107;175;VARAGOS CASTLE_1;x;
771;166;107;175;VARAGOS CASTLE_2;x;
772;168;107;175;VARAGOS CASTLE_3;x;
773;171;87;175;VARAGOS CASTLE_4;x;
774;158;87;175;AEORIA;x;
775;160;87;175;AEORIA_1;x;
776;162;87;175;AEORIA_2;x;
777;144;80;160;VARAGOS;x;
778;146;80;160;VARAGOS_1;x;
779;148;80;160;VARAGOS_2;x;
780;150;80;160;VARAGOS_3;x;
781;152;80;160;VARAGOS_4;x;
782;187;114;201;AMPRELA;x;
783;185;114;201;AMPRELA_1;x;
784;183;114;201;AMPRELA_2;x;
785;181;114;201;AMPRELA_3;x;
786;179;114;201;AMPRELA_4;x;
787;190;106;201;BOREAGORA;x;
788;188;106;201;BOREAGORA_1;x;
789;186;106;201;BOREAGORA_2;x;
790;184;106;201;BOREAGORA_3;x;
791;184;118;201;AVASINTON;x;
792;186;118;201;AVASINTON_1;x;
793;188;118;201;AVASINTON_2;x;
794;190;118;201;AVASINTON_3;x;
795;192;118;201;AVASINTON_4;x;
796;138;82;145;ARGORON;x;
797;140;82;145;ARGORON_1;x;
798;142;82;145;ARGORON_2;x;
799;144;82;145;ARGORON_3;x;
800;146;82;145;ARGORON_4;x;
801;159;79;150;ARGORON_5;x;
802;161;79;150;ARGORON_6;x;
803;148;82;145;ARGORON_7;x;
804;150;82;145;ARGORON_8;x;
805;151;85;160;HETANIA;x;
806;153;85;160;HETANIA_1;x;
807;155;85;160;HETANIA_2;x;
808;157;85;160;HETANIA_3;x;
809;142;79;150;ALATYS;x;
810;144;79;150;ALATYS_1;x;
811;146;79;150;ALATYS_2;x;
812;148;79;150;ALATYS_3;x;
813;150;79;150;ALATYS_4;x;
814;187;132;201;EPINOSA CASTLE;x;
815;189;132;201;EPINOSA CASTLE_1;x;
816;191;132;201;EPINOSA CASTLE_2;x;
817;193;132;201;EPINOSA CASTLE_3;x;
818;195;132;201;EPINOSA CASTLE_4;x;
819;197;132;201;EPINOSA CASTLE_5;x;
820;188;139;201;PONS;x;
821;190;139;201;PONS_1;x;
822;192;139;201;PONS_2;x;
823;186;126;201;EPINOSA;x;
824;188;126;201;EPINOSA_1;x;
825;190;126;201;EPINOSA_2;x;
826;192;126;201;EPINOSA_3;x;
827;194;126;201;EPINOSA_4;x;
828;196;126;201;EPINOSA_5;x;
829;131;87;150;GAOS CASTLE;x;
830;133;87;150;GAOS CASTLE_1;x;
831;135;87;150;GAOS CASTLE_2;x;
832;137;87;150;GAOS CASTLE_3;x;
833;139;87;150;GAOS CASTLE_4;x;
834;141;87;150;GAOS CASTLE_5;x;
835;121;77;140;THEMYS;x;
836;123;77;140;THEMYS_1;x;
837;125;77;140;THEMYS_2;x;
838;127;77;140;THEMYS_3;x;
839;129;77;140;THEMYS_4;x;
840;115;70;135;GAOS;x;
841;117;70;135;GAOS_1;x;
842;119;70;135;GAOS_2;x;
843;121;70;135;GAOS_3;x;
844;123;70;135;GAOS_4;x;
845;171;95;181;LOCHANA CASTLE;x;
846;173;95;181;LOCHANA CASTLE_1;x;
847;175;95;181;LOCHANA CASTLE_2;x;
848;177;95;181;LOCHANA CASTLE_3;x;
849;179;95;181;LOCHANA CASTLE_4;x;
850;180;101;191;LOCHANA;x;
851;178;101;191;LOCHANA_1;x;
852;176;101;191;LOCHANA_2;x;
853;174;101;191;LOCHANA_3;x;
854;172;101;191;LOCHANA_4;x;
855;170;101;191;LOCHANA_5;x;
856;161;90;170;NORTANISA;x;
857;163;90;170;NORTANISA_1;x;
858;165;90;170;NORTANISA_2;x;
859;167;90;170;NORTANISA_3;x;
860;169;90;170;NORTANISA_4;x;
861;193;161;201;MYZEA;x;
862;195;161;201;MYZEA_1;x;
863;197;161;201;MYZEA_2;x;
864;199;161;201;MYZEA_3;x;
865;201;161;201;MYZEA_4;x;
866;203;161;201;MYZEA_5;x;
867;181;161;201;MYZEA_6;x;
868;192;157;201;SAMATHA;x;
869;194;157;201;SAMATHA_1;x;
870;196;157;201;SAMATHA_2;x;
871;198;157;201;SAMATHA_3;x;
872;200;157;201;SAMATHA_4;x;
873;180;119;228;SAMATHA_5;x;
874;188;157;196;ORTHRA;x;
875;186;157;196;ORTHRA_1;x;
876;184;157;196;ORTHRA_2;x;
877;182;157;196;ORTHRA_3;x;
878;180;157;196;ORTHRA_4;x;
879;175;157;196;ORTHRA_5;x;
880;178;148;186;VEALOS;x;
881;180;148;186;VEALOS_1;x;
882;182;148;186;VEALOS_2;x;
883;184;148;186;VEALOS_3;x;
884;186;148;186;VEALOS_4;x;
885;145;137;178;VEALOS_5;x;
886;189;143;201;SYRATOS CASTLE;x;
887;187;143;201;SYRATOS CASTLE_1;x;
888;185;143;201;SYRATOS CASTLE_2;x;
889;183;143;201;SYRATOS CASTLE_3;x;
890;181;143;201;SYRATOS CASTLE_4;x;
891;190;147;201;SYRATOS;x;
892;192;147;201;SYRATOS_1;x;
893;194;147;201;SYRATOS_2;x;
894;196;147;201;SYRATOS_3;x;
895;198;147;201;SYRATOS_4;x;
896;191;153;201;TEMEMOS;x;
897;189;153;201;TEMEMOS_1;x;
898;187;153;201;TEMEMOS_2;x;
899;185;153;201;TEMEMOS_3;x;
900;183;153;201;TEMEMOS_4;x;
901;181;153;201;TEMEMOS_5;x;
902;62;45;153;PALACE DISTRICT;x;
903;59;45;153;TEMPLE QUARTER;x;
904;56;45;153;LYCARON;x;
905;65;45;153;LYCARON_1;x;
906;68;45;153;LYCARON_2;x;
907;71;45;153;LYCARON_3;x;
908;74;45;153;LYCARON_4;x;
909;54;44;147;SAGORA;x;
910;51;44;147;SAGORA_1;x;
911;48;44;147;SAGORA_2;x;
912;45;44;147;SAGORA_3;x;
913;42;44;147;SAGORA_4;x;
914;50;41;137;CANTERION;x;
915;53;41;137;CANTERION_1;x;
916;56;41;137;CANTERION_2;x;
917;59;41;137;CANTERION_3;x;
918;62;41;137;CANTERION_4;x;
919;89;66;181;SESTADAI CASTLE;x;
920;86;66;181;SESTADAI CASTLE_1;x;
921;83;66;181;SESTADAI CASTLE_2;x;
922;80;66;181;SESTADAI CASTLE_3;x;
923;77;66;181;SESTADAI CASTLE_4;x;
924;97;76;181;AMYCON;x;
925;100;76;181;AMYCON_1;x;
926;103;76;181;AMYCON_2;x;
927;106;76;181;AMYCON_3;x;
928;109;76;181;AMYCON_4;x;
929;82;57;181;SESTADAI;x;
930;85;57;181;SESTADAI_1;x;
931;88;57;181;SESTADAI_2;x;
932;91;57;181;SESTADAI_3;x;
933;94;57;181;SESTADAI_4;x;
934;72;53;119;DANUSTICA;x;
935;75;53;119;DANUSTICA_1;x;
936;78;53;119;DANUSTICA_2;x;
937;81;53;119;DANUSTICA_3;x;
938;84;53;119;DANUSTICA_4;x;
939;87;53;119;DANUSTICA_5;x;
940;90;53;119;DANUSTICA_6;x;
941;76;58;119;EREBULOS;x;
942;79;58;119;EREBULOS_1;x;
943;82;58;119;EREBULOS_2;x;
944;85;58;119;EREBULOS_3;x;
945;88;58;119;EREBULOS_4;x;
946;86;62;147;TEGRESOS;x;
947;84;62;147;TEGRESOS_1;x;
948;82;62;147;TEGRESOS_2;x;
949;80;62;147;TEGRESOS_3;x;
950;78;62;147;TEGRESOS_4;x;
951;70;50;119;POLISIA;x;
952;67;50;119;POLISIA_1;x;
953;64;50;119;POLISIA_2;x;
954;61;50;119;POLISIA_3;x;
955;58;50;119;POLISIA_4;x;
956;75;66;158;ODRYSA CASTLE;x;
957;77;66;158;ODRYSA CASTLE_1;x;
958;79;66;158;ODRYSA CASTLE_2;x;
959;81;66;158;ODRYSA CASTLE_3;x;
960;83;66;158;ODRYSA CASTLE_4;x;
961;85;66;158;ODRYSA CASTLE_5;x;
962;78;56;135;CAIRA;x;
963;81;56;135;CAIRA_1;x;
964;84;56;135;CAIRA_2;x;
965;87;56;135;CAIRA_3;x;
966;90;56;135;CAIRA_4;x;
967;93;56;135;CAIRA_5;x;
968;72;63;158;ODRYSA;x;
969;75;63;158;ODRYSA_1;x;
970;78;63;158;ODRYSA_2;x;
971;81;63;158;ODRYSA_3;x;
972;84;63;158;ODRYSA_4;x;
973;67;77;165;CORENIA CASTLE;x;
974;64;77;165;CORENIA CASTLE_1;x;
975;61;77;165;CORENIA CASTLE_2;x;
976;58;77;165;CORENIA CASTLE_3;x;
977;55;77;165;CORENIA CASTLE_4;x;
978;56;64;137;METACHIA;x;
979;59;64;137;METACHIA_1;x;
980;62;64;137;METACHIA_2;x;
981;65;64;137;METACHIA_3;x;
982;68;64;137;METACHIA_4;x;
983;52;59;127;CORENIA;x;
984;55;59;127;CORENIA_1;x;
985;58;59;127;CORENIA_2;x;
986;61;59;127;CORENIA_3;x;
987;64;59;127;CORENIA_4;x;
988;88;71;132;LAVENIA CASTLE;x;
989;85;71;132;LAVENIA CASTLE_1;x;
990;82;71;132;LAVENIA CASTLE_2;x;
991;79;71;132;LAVENIA CASTLE_3;x;
992;76;71;132;LAVENIA CASTLE_4;x;
993;95;77;142;LAVENIA;x;
994;98;77;142;LAVENIA_1;x;
995;101;77;142;LAVENIA_2;x;
996;104;77;142;LAVENIA_3;x;
997;107;77;142;LAVENIA_4;x;
998;80;64;119;ETHEMISA;x;
999;83;64;119;ETHEMISA_1;x;
1000;86;64;119;ETHEMISA_2;x;
1001;89;64;119;ETHEMISA_3;x;
1002;92;64;119;ETHEMISA_4;x;
1003;76;75;163;MELION CASTLE;x;
1004;79;75;163;MELION CASTLE_1;x;
1005;83;75;163;MELION CASTLE_2;x;
1006;81;75;163;MELION CASTLE_3;x;
1007;87;75;163;MELION CASTLE_4;x;
1008;85;75;163;MELION CASTLE_5;x;
1009;86;84;163;MELION;x;
1010;83;84;163;MELION_1;x;
1011;80;84;163;MELION_2;x;
1012;77;84;163;MELION_3;x;
1013;57;55;163;SAGOLINA;x;
1014;60;55;163;SAGOLINA_1;x;
1015;63;55;163;SAGOLINA_2;x;
1016;66;55;163;SAGOLINA_3;x;
1017;69;55;163;SAGOLINA_4;x;
1018;72;55;163;SAGOLINA_5;x;
1019;43;36;150;MORENIA CASTLE;x;
1020;46;36;150;MORENIA CASTLE_1;x;
1021;49;36;150;MORENIA CASTLE_2;x;
1022;52;36;150;MORENIA CASTLE_3;x;
1023;55;36;150;MORENIA CASTLE_4;x;
1024;58;36;150;MORENIA CASTLE_5;x;
1025;45;39;132;MORENIA;x;
1026;48;39;132;MORENIA_1;x;
1027;51;39;132;MORENIA_2;x;
1028;54;39;132;MORENIA_3;x;
1029;57;39;132;MORENIA_4;x;
1030;116;93;173;ATPHYNIA;x;
1031;118;93;173;ATPHYNIA_1;x;
1032;120;93;173;ATPHYNIA_2;x;
1033;122;93;173;ATPHYNIA_3;x;
1034;124;93;173;ATPHYNIA_4;x;
1035;62;52;158;ONIRA;x;
1036;59;52;158;ONIRA_1;x;
1037;56;52;158;ONIRA_2;x;
1038;53;52;158;ONIRA_3;x;
1039;50;52;158;ONIRA_4;x;
1040;47;52;158;ONIRA_5;x;
1041;44;52;158;ONIRA_6;x;
1042;66;65;163;LARTUSYS;x;
1043;63;65;163;LARTUSYS_1;x;
1044;60;65;163;LARTUSYS_2;x;
1045;57;65;163;LARTUSYS_3;x;
1046;54;65;163;LARTUSYS_4;x;
1047;68;58;158;PARASEMNOS;x;
1048;71;58;158;PARASEMNOS_1;x;
1049;74;58;158;PARASEMNOS_2;x;
1050;77;58;158;PARASEMNOS_3;x;
1051;79;58;158;PARASEMNOS_4;x;
1052;47;45;163;LANTHAS;x;
1053;50;45;163;LANTHAS_1;x;
1054;53;45;163;LANTHAS_2;x;
1055;56;45;163;LANTHAS_3;x;
1056;98;75;188;CHANOPSIS CASTLE;x;
1057;95;75;188;CHANOPSIS CASTLE_1;x;
1058;92;75;188;CHANOPSIS CASTLE_2;x;
1059;89;75;188;CHANOPSIS CASTLE_3;x;
1060;86;75;188;CHANOPSIS CASTLE_4;x;
1061;90;66;188;POPSIA;x;
1062;92;66;188;POPSIA_1;x;
1063;94;66;188;POPSIA_2;x;
1064;96;66;188;POPSIA_3;x;
1065;98;66;188;POPSIA_4;x;
1066;86;63;181;CHANOPSIS;x;
1067;89;63;181;CHANOPSIS_1;x;
1068;92;63;181;CHANOPSIS_2;x;
1069;95;63;181;CHANOPSIS_3;x;
1070;98;63;181;CHANOPSIS_4;x;
1071;101;63;181;CHANOPSIS_5;x;
1072;116;90;181;POROS;x;
1073;118;90;181;POROS_1;x;
1074;120;90;181;POROS_2;x;
1075;122;90;181;POROS_3;x;
1076;124;90;181;POROS_4;x;
1077;126;90;181;POROS_5;x;
1078;128;90;181;POROS_6;x;
1079;121;97;181;CANOROS;x;
1080;119;97;181;CANOROS_1;x;
1081;117;97;181;CANOROS_2;x;
1082;115;97;181;CANOROS_3;x;
1083;113;97;181;CANOROS_4;x;
1084;108;90;181;ZESTEA;x;
1085;106;90;181;ZESTEA_1;x;
1086;104;90;181;ZESTEA_2;x;
1087;102;90;181;ZESTEA_3;x;
1088;100;90;181;ZESTEA_4;x;
1089;102;83;181;TEVEA;x;
1090;99;83;181;TEVEA_1;x;
1091;96;83;181;TEVEA_2;x;
1092;93;83;181;TEVEA_3;x;
1093;90;83;181;TEVEA_4;x;
1094;38;31;132;PHYCAON;x;
1095;41;31;132;PHYCAON_1;x;
1096;44;31;132;PHYCAON_2;x;
1097;47;31;132;PHYCAON_3;x;
1098;50;31;132;PHYCAON_4;x;
1099;53;31;132;PHYCAON_5;x;
1100;42;35;132;SPOTIA;x;
1101;45;35;132;SPOTIA_1;x;
1102;48;35;132;SPOTIA_2;x;
1103;51;35;132;SPOTIA_3;x;
1104;54;35;132;SPOTIA_4;x;
1105;35;29;122;SALDANNIS;x;
1106;33;29;122;SALDANNIS_1;x;
1107;31;29;122;SALDANNIS_2;x;
1108;29;29;122;SALDANNIS_3;x;
1109;27;29;122;SALDANNIS_4;x;
1110;94;93;163;SYRONEA;x;
1111;92;93;163;SYRONEA_1;x;
1112;91;93;163;SYRONEA_2;x;
1113;88;93;163;SYRONEA_3;x;
1114;85;93;163;SYRONEA_4;x;
1115;82;93;163;SYRONEA_5;x;
1116;79;93;163;SYRONEA_6;x;
1117;100;99;163;VARGORNIS;x;
1118;97;99;163;VARGORNIS_1;x;
1119;94;99;163;VARGORNIS_2;x;
1120;91;99;163;VARGORNIS_3;x;
1121;88;99;163;VARGORNIS_4;x;
1122;74;79;181;PSOTAI;x;
1123;77;79;181;PSOTAI_1;x;
1124;80;79;181;PSOTAI_2;x;
1125;83;79;181;PSOTAI_3;x;
1126;86;79;181;PSOTAI_4;x;
1127;106;110;181;JOGURYS CASTLE;x;
1128;108;110;181;JOGURYS CASTLE_1;x;
1129;110;110;181;JOGURYS CASTLE_2;x;
1130;112;110;181;JOGURYS CASTLE_3;x;
1131;114;110;181;JOGURYS CASTLE_4;x;
1132;108;107;168;JOGURYS;x;
1133;110;107;168;JOGURYS_1;x;
1134;112;107;168;JOGURYS_2;x;
1135;114;107;168;JOGURYS_3;x;
1136;116;107;168;JOGURYS_4;x;
1137;118;107;168;JOGURYS_5;x;
1138;116;115;181;EUNALICA;x;
1139;118;115;181;EUNALICA_1;x;
1140;120;115;181;EUNALICA_2;x;
1141;122;115;181;EUNALICA_3;x;
1142;124;115;181;EUNALICA_4;x;
1143;102;82;153;VOSTRUM;x;
1144;104;82;153;VOSTRUM_1;x;
1145;106;82;153;VOSTRUM_2;x;
1146;108;82;153;VOSTRUM_3;x;
1147;110;82;153;VOSTRUM_4;x;
1148;112;82;153;VOSTRUM_5;x;
1149;114;82;153;VOSTRUM_6;x;
1150;109;88;163;ALISION;x;
1151;106;88;163;ALISION_1;x;
1152;103;88;163;ALISION_2;x;
1153;100;88;163;ALISION_3;x;
1154;97;88;163;ALISION_4;x;
1155;94;88;163;ALISION_5;x;
1156;41;32;163;AVALYPS;x;
1157;38;32;163;AVALYPS_1;x;
1158;35;32;163;AVALYPS_2;x;
1159;32;32;163;AVALYPS_3;x;
1160;38;30;150;GORCORYS;x;
1161;41;30;150;GORCORYS_1;x;
1162;44;30;150;GORCORYS_2;x;
1163;47;30;150;GORCORYS_3;x;
1164;23;170;121;MAKEB;x;
1165;21;170;121;MAKEB_1;x;
1166;19;170;121;MAKEB_2;x;
1167;17;170;121;MAKEB_3;x;
1168;15;170;121;MAKEB_4;x;
1169;13;170;121;MAKEB_5;x;
1170;11;170;121;MAKEB_6;x;
1171;9;170;121;MAKEB_7;x;
1172;29;147;108;HANEKHY;x;
1173;27;147;108;HANEKHY_1;x;
1174;25;147;108;HANEKHY_2;x;
1175;23;147;108;HANEKHY_3;x;
1176;21;147;108;HANEKHY_4;x;
1177;22;163;116;SHAPESHTE;x;
1178;24;163;116;SHAPESHTE_1;x;
1179;26;163;116;SHAPESHTE_2;x;
1180;28;163;116;SHAPESHTE_3;x;
1181;30;163;116;SHAPESHTE_4;x;
1182;32;163;116;SHAPESHTE_5;x;
1183;24;175;120;MAZEN;x;
1184;26;175;120;MAZEN_1;x;
1185;28;175;120;MAZEN_2;x;
1186;30;175;120;MAZEN_3;x;
1187;32;175;120;MAZEN_4;x;
1188;42;150;101;AKISER CASTLE;x;
1189;44;150;101;AKISER CASTLE_1;x;
1190;46;150;101;AKISER CASTLE_2;x;
1191;48;150;101;AKISER CASTLE_3;x;
1192;50;150;101;AKISER CASTLE_4;x;
1193;52;150;101;AKISER CASTLE_5;x;
1194;24;155;96;AKISER;x;
1195;26;155;96;AKISER_1;x;
1196;28;155;96;AKISER_2;x;
1197;30;155;96;AKISER_3;x;
1198;32;155;96;AKISER_4;x;
1199;34;155;96;AKISER_5;x;
1200;37;150;99;KAMSHAR;x;
1201;39;150;99;KAMSHAR_1;x;
1202;41;150;99;KAMSHAR_2;x;
1203;43;150;99;KAMSHAR_3;x;
1204;45;150;99;KAMSHAR_4;x;
1205;26;191;130;USEK CASTLE;x;
1206;28;191;130;USEK CASTLE_1;x;
1207;30;191;130;USEK CASTLE_2;x;
1208;32;191;130;USEK CASTLE_3;x;
1209;34;191;130;USEK CASTLE_4;x;
1210;36;191;130;USEK CASTLE_5;x;
1211;26;186;127;USEK;x;
1212;28;186;127;USEK_1;x;
1213;30;186;127;USEK_2;x;
1214;32;186;127;USEK_3;x;
1215;34;186;127;USEK_4;x;
1216;27;198;136;ESME;x;
1217;25;198;136;ESME_1;x;
1218;23;198;136;ESME_2;x;
1219;21;198;136;ESME_3;x;
1220;19;198;136;ESME_4;x;
1221;17;198;136;ESME_5;x;
1222;31;155;114;TEPES CASTLE;x;
1223;29;155;114;TEPES CASTLE_1;x;
1224;27;155;114;TEPES CASTLE_2;x;
1225;25;155;114;TEPES CASTLE_3;x;
1226;23;155;114;TEPES CASTLE_4;x;
1227;21;155;114;TEPES CASTLE_5;x;
1228;19;155;114;TEPES CASTLE_6;x;
1229;54;147;116;KURULUK;x;
1230;52;147;116;KURULUK_1;x;
1231;50;147;116;KURULUK_2;x;
1232;48;147;116;KURULUK_3;x;
1233;46;147;116;KURULUK_4;x;
1234;44;147;116;KURULUK_5;x;
1235;24;155;111;TEPES;x;
1236;22;155;111;TEPES_1;x;
1237;20;155;111;TEPES_2;x;
1238;18;155;111;TEPES_3;x;
1239;16;155;111;TEPES_4;x;
1240;24;150;93;CHAIKAND;x;
1241;22;150;93;CHAIKAND_1;x;
1242;20;150;93;CHAIKAND_2;x;
1243;18;150;93;CHAIKAND_3;x;
1244;16;150;93;CHAIKAND_4;x;
1245;14;150;93;CHAIKAND_5;x;
1246;25;181;123;PABASTAN;x;
1247;23;181;123;PABASTAN_1;x;
1248;21;181;123;PABASTAN_2;x;
1249;19;181;123;PABASTAN_3;x;
1250;17;181;123;PABASTAN_4;x;
1251;28;150;95;OKHUTAN;x;
1252;26;150;95;OKHUTAN_1;x;
1253;24;150;95;OKHUTAN_2;x;
1254;22;150;95;OKHUTAN_3;x;
1255;20;150;95;OKHUTAN_4;x;
1256;33;150;97;ISPANTAR;x;
1257;31;150;97;ISPANTAR_1;x;
1258;29;150;97;ISPANTAR_2;x;
1259;27;150;97;ISPANTAR_3;x;
1260;25;150;97;ISPANTAR_4;x;
1261;23;150;97;ISPANTAR_5;x;
1262;29;183;114;ORTONGARD;x;
1263;31;183;114;ORTONGARD_1;x;
1264;33;183;114;ORTONGARD_2;x;
1265;35;183;114;ORTONGARD_3;x;
1266;37;183;114;ORTONGARD_4;x;
1267;39;183;114;ORTONGARD_5;x;
1268;41;183;114;ORTONGARD_6;x;
1269;30;188;117;MIVANJAN;x;
1270;32;188;117;MIVANJAN_1;x;
1271;34;188;117;MIVANJAN_2;x;
1272;36;188;117;MIVANJAN_3;x;
1273;38;188;117;MIVANJAN_4;x;
1274;40;188;117;MIVANJAN_5;x;
1275;31;193;120;RANSAM;x;
1276;33;193;120;RANSAM_1;x;
1277;35;193;120;RANSAM_2;x;
1278;37;193;120;RANSAM_3;x;
1279;39;193;120;RANSAM_4;x;
1280;28;178;111;URUNJAN;x;
1281;30;178;111;URUNJAN_1;x;
1282;32;178;111;URUNJAN_2;x;
1283;34;178;111;URUNJAN_3;x;
1284;36;178;111;URUNJAN_4;x;
1285;114;219;184;DINAR CASTLE;x;
1286;112;219;184;DINAR CASTLE_1;x;
1287;110;219;184;DINAR CASTLE_2;x;
1288;108;219;184;DINAR CASTLE_3;x;
1289;106;219;184;DINAR CASTLE_4;x;
1290;104;219;184;DINAR CASTLE_5;x;
1291;96;219;178;DINAR;x;
1292;94;219;178;DINAR_1;x;
1293;92;219;178;DINAR_2;x;
1294;90;219;178;DINAR_3;x;
1295;88;219;178;DINAR_4;x;
1296;105;219;181;KARAHALLI;x;
1297;103;219;181;KARAHALLI_1;x;
1298;101;219;181;KARAHALLI_2;x;
1299;99;219;181;KARAHALLI_3;x;
1300;97;219;181;KARAHALLI_4;x;
1301;38;204;129;ERZENUR CASTLE;x;
1302;40;204;129;ERZENUR CASTLE_1;x;
1303;42;204;129;ERZENUR CASTLE_2;x;
1304;44;204;129;ERZENUR CASTLE_3;x;
1305;46;204;129;ERZENUR CASTLE_4;x;
1306;48;204;129;ERZENUR CASTLE_5;x;
1307;57;204;137;GEREDEN;x;
1308;59;204;137;GEREDEN_1;x;
1309;61;204;137;GEREDEN_2;x;
1310;63;204;137;GEREDEN_3;x;
1311;65;204;137;GEREDEN_4;x;
1312;54;196;132;ERZENUR;x;
1313;56;196;132;ERZENUR_1;x;
1314;58;196;132;ERZENUR_2;x;
1315;60;196;132;ERZENUR_3;x;
1316;62;196;132;ERZENUR_4;x;
1317;26;165;103;HAKKUN CASTLE;x;
1318;28;165;103;HAKKUN CASTLE_1;x;
1319;30;165;103;HAKKUN CASTLE_2;x;
1320;32;165;103;HAKKUN CASTLE_3;x;
1321;25;160;99;HAKKUN;x;
1322;27;160;99;HAKKUN_1;x;
1323;29;160;99;HAKKUN_2;x;
1324;31;160;99;HAKKUN_3;x;
1325;27;170;106;KIRAZ;x;
1326;29;170;106;KIRAZ_1;x;
1327;31;170;106;KIRAZ_2;x;
1328;33;170;106;KIRAZ_3;x;
1329;35;170;106;KIRAZ_4;x;
1330;97;173;147;KAYSAR CASTLE;x;
1331;95;173;147;KAYSAR CASTLE_1;x;
1332;93;173;147;KAYSAR CASTLE_2;x;
1333;91;173;147;KAYSAR CASTLE_3;x;
1334;89;173;147;KAYSAR CASTLE_4;x;
1335;87;173;147;KAYSAR CASTLE_5;x;
1336;111;198;169;KAYSAR;x;
1337;109;198;169;KAYSAR_1;x;
1338;107;198;169;KAYSAR_2;x;
1339;105;198;169;KAYSAR_3;x;
1340;103;198;169;KAYSAR_4;x;
1341;101;198;169;KAYSAR_5;x;
1342;118;211;180;PAYAM;x;
1343;116;211;180;PAYAM_1;x;
1344;114;211;180;PAYAM_2;x;
1345;112;211;180;PAYAM_3;x;
1346;76;147;124;BALTAKHAND;x;
1347;74;147;124;BALTAKHAND_1;x;
1348;72;147;124;BALTAKHAND_2;x;
1349;70;147;124;BALTAKHAND_3;x;
1350;68;147;124;BALTAKHAND_4;x;
1351;66;147;124;BALTAKHAND_5;x;
1352;64;147;124;BALTAKHAND_6;x;
1353;122;219;187;ULAAN;x;
1354;120;219;187;ULAAN_1;x;
1355;118;219;187;ULAAN_2;x;
1356;116;219;187;ULAAN_3;x;
1357;114;219;187;ULAAN_4;x;
1358;63;147;119;FISNAR;x;
1359;61;147;119;FISNAR_1;x;
1360;59;147;119;FISNAR_2;x;
1361;57;147;119;FISNAR_3;x;
1362;55;147;119;FISNAR_4;x;
1363;53;147;119;FISNAR_5;x;
1364;38;147;111;ASALIG;x;
1365;36;147;111;ASALIG_1;x;
1366;34;147;111;ASALIG_2;x;
1367;32;147;111;ASALIG_3;x;
1368;30;147;111;ASALIG_4;x;
1369;25;209;126;SIMIRA CASTLE;x;
1370;27;209;126;SIMIRA CASTLE_1;x;
1371;29;209;126;SIMIRA CASTLE_2;x;
1372;31;209;126;SIMIRA CASTLE_3;x;
1373;33;209;126;SIMIRA CASTLE_4;x;
1374;24;204;123;SIMIRA;x;
1375;26;204;123;SIMIRA_1;x;
1376;28;204;123;SIMIRA_2;x;
1377;30;204;123;SIMIRA_3;x;
1378;32;204;123;SIMIRA_4;x;
1379;21;214;127;KOHI AJIK;x;
1380;23;214;127;KOHI AJIK_1;x;
1381;25;214;127;KOHI AJIK_2;x;
1382;27;214;127;KOHI AJIK_3;x;
1383;29;214;127;KOHI AJIK_4;x;
1384;31;214;127;KOHI AJIK_5;x;
1385;49;175;118;ODOKH;x;
1386;51;175;118;ODOKH_1;x;
1387;53;175;118;ODOKH_2;x;
1388;55;175;118;ODOKH_3;x;
1389;57;175;118;ODOKH_4;x;
1390;59;175;118;ODOKH_5;x;
1391;61;175;118;ODOKH_6;x;
1392;47;170;115;DANARA;x;
1393;49;170;115;DANARA_1;x;
1394;51;170;115;DANARA_2;x;
1395;53;170;115;DANARA_3;x;
1396;55;170;115;DANARA_4;x;
1397;57;170;115;DANARA_5;x;
1398;51;183;124;NUTYUK;x;
1399;53;183;124;NUTYUK_1;x;
1400;55;183;124;NUTYUK_2;x;
1401;57;183;124;NUTYUK_3;x;
1402;59;183;124;NUTYUK_4;x;
1403;61;183;124;NUTYUK_5;x;
1404;65;204;141;KARAHAN;x;
1405;67;204;141;KARAHAN_1;x;
1406;69;204;141;KARAHAN_2;x;
1407;71;204;141;KARAHAN_3;x;
1408;73;204;141;KARAHAN_4;x;
1409;75;204;141;KARAHAN_5;x;
1410;44;158;106;AKKALAT;x;
1411;46;158;106;AKKALAT_1;x;
1412;48;158;106;AKKALAT_2;x;
1413;50;158;106;AKKALAT_3;x;
1414;52;158;106;AKKALAT_4;x;
1415;54;158;106;AKKALAT_5;x;
1416;27;198;121;KARAKALAT;x;
1417;25;198;121;KARAKALAT_1;x;
1418;23;198;121;KARAKALAT_2;x;
1419;21;198;121;KARAKALAT_3;x;
1420;19;198;121;KARAKALAT_4;x;
1421;45;163;110;TISMIL;x;
1422;47;163;110;TISMIL_1;x;
1423;49;163;110;TISMIL_2;x;
1424;51;163;110;TISMIL_3;x;
1425;53;163;110;TISMIL_4;x;
1426;29;209;143;KHIMLI CASTLE;x;
1427;27;209;143;KHIMLI CASTLE_1;x;
1428;25;209;143;KHIMLI CASTLE_2;x;
1429;23;209;143;KHIMLI CASTLE_3;x;
1430;21;209;143;KHIMLI CASTLE_4;x;
1431;19;209;143;KHIMLI CASTLE_5;x;
1432;28;204;139;KHIMLI;x;
1433;26;204;139;KHIMLI_1;x;
1434;24;204;139;KHIMLI_2;x;
1435;22;204;139;KHIMLI_3;x;
1436;20;204;139;KHIMLI_4;x;
1437;18;204;139;KHIMLI_5;x;
1438;29;214;146;OMROTOK;x;
1439;27;214;146;OMROTOK_1;x;
1440;25;214;146;OMROTOK_2;x;
1441;23;214;146;OMROTOK_3;x;
1442;21;214;146;OMROTOK_4;x;
1443;8;107;201;BALGARD;x;
1444;12;107;201;BALGARD_1;x;
1445;24;107;201;BALGARD_2;x;
1446;10;107;201;BALGARD_3;x;
1447;50;107;201;BALGARD_4;x;
1448;45;107;201;BALGARD_5;x;
1449;18;112;201;MARABROT;x;
1450;0;80;201;MARABROT_1;x;
1451;0;99;201;MARABROT_2;x;
1452;6;99;201;MARABROT_3;x;
1453;28;117;201;SAFNA;x;
1454;0;117;201;SAFNA_1;x;
1455;16;117;201;SAFNA_2;x;
1456;26;117;201;SAFNA_3;x;
1457;24;117;201;SAFNA_4;x;
1458;15;145;196;VARNOVAPOL;x;
1459;5;145;196;VARNOVAPOL_1;x;
1460;7;145;196;VARNOVAPOL_2;x;
1461;25;135;196;VARNOVAPOL_3;x;
1462;35;135;196;VARNOVAPOL_4;x;
1463;16;148;201;OMKANY;x;
1464;18;148;201;OMKANY_1;x;
1465;26;148;201;OMKANY_2;x;
1466;40;148;201;OMKANY_3;x;
1467;12;147;201;YANGUTUM;x;
1468;36;147;201;YANGUTUM_1;x;
1469;46;147;201;YANGUTUM_2;x;
1470;56;147;201;YANGUTUM_3;x;
1471;18;123;165;BORCHOVAGORKA;x;
1472;20;123;165;BORCHOVAGORKA_1;x;
1473;25;123;165;BORCHOVAGORKA_2;x;
1474;32;150;165;BORCHOVAGORKA_3;x;
1475;33;123;150;BORCHOVAGORKA_4;x;
1476;24;144;165;VLADIV CASTLE;x;
1477;28;144;165;VLADIV CASTLE_1;x;
1478;30;144;165;VLADIV CASTLE_2;x;
1479;26;144;165;VLADIV CASTLE_3;x;
1480;24;135;165;VLADIV;x;
1481;60;135;165;VLADIV_1;x;
1482;2;144;165;VLADIV_2;x;
1483;24;156;165;GLAVSTROM;x;
1484;30;156;165;GLAVSTROM_1;x;
1485;37;156;165;GLAVSTROM_2;x;
1486;56;156;165;GLAVSTROM_3;x;
1487;45;156;165;GLAVSTROM_4;x;
1488;8;146;201;TAKOR CASTLE;x;
1489;10;146;201;TAKOR CASTLE_1;x;
1490;12;146;201;TAKOR CASTLE_2;x;
1491;14;146;201;TAKOR CASTLE_3;x;
1492;8;120;201;TAKOR;x;
1493;0;100;201;TAKOR_1;x;
1494;10;120;201;TAKOR_2;x;
1495;32;146;201;TAKOR_3;x;
1496;8;133;201;DVORUSTA;x;
1497;2;133;201;DVORUSTA_1;x;
1498;12;120;201;DVORUSTA_2;x;
1499;20;137;183;SIBIR;x;
1500;18;137;183;SIBIR_1;x;
1501;38;137;183;SIBIR_2;x;
1502;26;137;183;SIBIR_3;x;
1503;30;137;183;SIBIR_4;x;
1504;16;137;183;SIBIR_5;x;
1505;21;146;196;ALEBAT;x;
1506;23;146;196;ALEBAT_1;x;
1507;22;146;196;ALEBAT_2;x;
1508;30;146;196;ALEBAT_3;x;
1509;50;146;196;ALEBAT_4;x;
1510;18;127;170;RADAKMED;x;
1511;16;127;170;RADAKMED_1;x;
1512;20;127;170;RADAKMED_2;x;
1513;22;127;170;RADAKMED_3;x;
1514;18;133;165;KVOL;x;
1515;24;133;165;KVOL_1;x;
1516;32;133;165;KVOL_2;x;
1517;24;150;165;KVOL_3;x;
1518;48;165;165;TYAL;x;
1519;50;165;165;TYAL_1;x;
1520;55;165;165;TYAL_2;x;
1521;66;165;165;TYAL_3;x;
1522;77;165;165;TYAL_4;x;
1523;88;165;165;TYAL_5;x;
1524;36;165;165;VISIBROT;x;
1525;20;165;165;VISIBROT_1;x;
1526;38;165;165;VISIBROT_2;x;
1527;0;165;165;VISIBROT_3;x;
1528;68;181;181;BUKITS;x;
1529;48;181;181;BUKITS_1;x;
1530;28;181;181;BUKITS_2;x;
1531;8;181;181;BUKITS_3;x;
1532;62;165;165;URIKSKALA CASTLE;x;
1533;56;167;163;URIKSKALA CASTLE_1;x;
1534;58;167;163;URIKSKALA CASTLE_2;x;
1535;60;167;163;URIKSKALA CASTLE_3;x;
1536;24;165;165;URIKSKALA;x;
1537;24;175;165;URIKSKALA_1;x;
1538;86;175;165;URIKSKALA_2;x;
1539;81;177;165;URIKSKALA_3;x;
1540;55;175;165;URIKSKALA_4;x;
1541;29;165;165;ALOV;x;
1542;30;155;165;ALOV_1;x;
1543;10;155;165;ALOV_2;x;
1544;50;155;165;ALOV_3;x;
1545;65;113;204;OMOR;x;
1546;67;113;204;OMOR_1;x;
1547;69;113;204;OMOR_2;x;
1548;71;113;204;OMOR_3;x;
1549;75;113;204;OMOR_4;x;
1550;85;113;204;OMOR_5;x;
1551;95;113;204;OMOR_6;x;
1552;55;107;204;SKORIN;x;
1553;45;107;204;SKORIN_1;x;
1554;35;107;204;SKORIN_2;x;
1555;51;107;204;SKORIN_3;x;
1556;53;107;204;SKORIN_4;x;
1557;44;100;204;CHORNOBAS;x;
1558;54;100;204;CHORNOBAS_1;x;
1559;48;100;204;CHORNOBAS_2;x;
1560;46;100;204;CHORNOBAS_3;x;
1561;64;100;204;CHORNOBAS_4;x;
1562;50;100;204;CHORNOBAS_5;x;
1563;38;122;201;OV CASTLE;x;
1564;25;122;201;OV CASTLE_1;x;
1565;19;122;201;OV CASTLE_2;x;
1566;9;122;201;OV CASTLE_3;x;
1567;45;119;188;OV;x;
1568;35;119;188;OV_1;x;
1569;25;119;188;OV_2;x;
1570;19;119;188;OV_3;x;
1571;23;119;188;OV_4;x;
1572;21;119;188;OV_5;x;
1573;35;114;188;FERKH;x;
1574;40;114;188;FERKH_1;x;
1575;57;119;188;FERKH_2;x;
1576;55;119;188;FERKH_3;x;
1577;59;119;188;FERKH_4;x;
1578;50;114;188;FERKH_5;x;
1579;35;86;163;USTOKOL CASTLE;x;
1580;38;86;163;USTOKOL CASTLE_1;x;
1581;40;86;163;USTOKOL CASTLE_2;x;
1582;45;86;163;USTOKOL CASTLE_3;x;
1583;24;79;163;USTOKOL;x;
1584;48;79;163;USTOKOL_1;x;
1585;40;79;163;USTOKOL_2;x;
1586;32;79;163;USTOKOL_3;x;
1587;29;82;163;ZHEMYAN;x;
1588;27;82;163;ZHEMYAN_1;x;
1589;24;82;163;ZHEMYAN_2;x;
1590;25;82;163;ZHEMYAN_3;x;
1591;18;82;163;ZHEMYAN_4;x;
1592;23;82;163;ZHEMYAN_5;x;
1593;42;90;163;REVYL;x;
1594;30;90;163;REVYL_1;x;
1595;44;90;163;REVYL_2;x;
1596;24;90;163;REVYL_3;x;
1597;46;90;163;REVYL_4;x;
1598;36;90;163;REVYL_5;x;
1599;48;90;163;REVYL_6;x;
1600;22;74;153;KORSYAS;x;
1601;28;74;153;KORSYAS_1;x;
1602;20;74;153;KORSYAS_2;x;
1603;34;74;153;KORSYAS_3;x;
1604;18;74;153;KORSYAS_4;x;
1605;45;92;163;KARBUR;x;
1606;60;92;163;KARBUR_1;x;
1607;52;92;163;KARBUR_2;x;
1608;43;92;163;KARBUR_3;x;
1609;43;77;181;NEVYANSK CASTLE;x;
1610;36;77;181;NEVYANSK CASTLE_1;x;
1611;29;77;181;NEVYANSK CASTLE_2;x;
1612;50;77;181;NEVYANSK CASTLE_3;x;
1613;57;77;181;NEVYANSK CASTLE_4;x;
1614;41;77;181;NEVYANSK CASTLE_5;x;
1615;32;69;181;NEVYANSK;x;
1616;14;69;181;NEVYANSK_1;x;
1617;26;69;181;NEVYANSK_2;x;
1618;27;69;181;NEVYANSK_3;x;
1619;57;88;181;DNIN;x;
1620;67;88;181;DNIN_1;x;
1621;74;88;181;DNIN_2;x;
1622;81;88;181;DNIN_3;x;
1623;82;88;181;DNIN_4;x;
1624;28;81;178;MAZHADAN CASTLE;x;
1625;26;81;178;MAZHADAN CASTLE_1;x;
1626;35;81;178;MAZHADAN CASTLE_2;x;
1627;30;86;191;MAZHADAN;x;
1628;40;86;191;MAZHADAN_1;x;
1629;24;81;178;MAZHADAN_2;x;
1630;32;92;204;FORIN;x;
1631;50;92;204;FORIN_1;x;
1632;44;92;204;FORIN_2;x;
1633;38;92;204;FORIN_3;x;
1634;51;104;183;VARCHEG;x;
1635;53;104;183;VARCHEG_1;x;
1636;58;104;183;VARCHEG_2;x;
1637;65;104;183;VARCHEG_3;x;
1638;72;104;183;VARCHEG_4;x;
1639;55;104;183;VARCHEG_5;x;
1640;57;104;183;VARCHEG_6;x;
1641;48;98;173;KARGREV;x;
1642;54;98;173;KARGREV_1;x;
1643;60;98;173;KARGREV_2;x;
1644;67;98;173;KARGREV_3;x;
1645;52;118;188;RODOBAS;x;
1646;32;118;188;RODOBAS_1;x;
1647;40;118;188;RODOBAS_2;x;
1648;48;118;188;RODOBAS_3;x;
1649;30;73;153;KRANIROG CASTLE;x;
1650;48;73;153;KRANIROG CASTLE_1;x;
1651;28;73;153;KRANIROG CASTLE_2;x;
1652;26;73;153;KRANIROG CASTLE_3;x;
1653;85;73;153;KRANIROG CASTLE_4;x;
1654;24;69;153;KRANIROG;x;
1655;38;69;153;KRANIROG_1;x;
1656;32;69;153;KRANIROG_2;x;
1657;42;69;153;KRANIROG_3;x;
1658;22;69;153;KRANIROG_4;x;
1659;26;75;165;ISMILKORG;x;
1660;29;75;165;ISMILKORG_1;x;
1661;46;75;165;ISMILKORG_2;x;
1662;56;75;165;ISMILKORG_3;x;
1663;66;75;165;ISMILKORG_4;x;
1664;186;133;35;SANALA;x;
1665;188;133;35;SANALA_1;x;
1666;190;133;35;SANALA_2;x;
1667;192;133;35;SANALA_3;x;
1668;194;133;35;SANALA_4;x;
1669;196;133;35;SANALA_5;x;
1670;186;135;40;JAHASIM;x;
1671;188;135;40;JAHASIM_1;x;
1672;190;135;40;JAHASIM_2;x;
1673;192;135;40;JAHASIM_3;x;
1674;186;145;35;HAMOSHAWAT;x;
1675;188;145;35;HAMOSHAWAT_1;x;
1676;190;145;35;HAMOSHAWAT_2;x;
1677;192;145;35;HAMOSHAWAT_3;x;
1678;194;145;35;HAMOSHAWAT_4;x;
1679;204;187;34;MIJAYIT;x;
1680;206;187;34;MIJAYIT_1;x;
1681;208;187;34;MIJAYIT_2;x;
1682;210;187;34;MIJAYIT_3;x;
1683;212;187;34;MIJAYIT_4;x;
1684;193;177;32;NAHLAN;x;
1685;195;177;32;NAHLAN_1;x;
1686;197;177;32;NAHLAN_2;x;
1687;199;177;32;NAHLAN_3;x;
1688;201;177;32;NAHLAN_4;x;
1689;186;137;46;UQBA CASTLE;x;
1690;188;137;46;UQBA CASTLE_1;x;
1691;190;137;46;UQBA CASTLE_2;x;
1692;192;137;46;UQBA CASTLE_3;x;
1693;194;137;46;UQBA CASTLE_4;x;
1694;206;158;68;BUNQAZ;x;
1695;208;158;68;BUNQAZ_1;x;
1696;210;158;68;BUNQAZ_2;x;
1697;212;158;68;BUNQAZ_3;x;
1698;214;158;68;BUNQAZ_4;x;
1699;186;135;42;UQBA;x;
1700;188;135;42;UQBA_1;x;
1701;190;135;42;UQBA_2;x;
1702;192;135;42;UQBA_3;x;
1703;194;135;42;UQBA_4;x;
1704;173;166;69;HUBYAR;x;
1705;175;166;69;HUBYAR_1;x;
1706;177;166;69;HUBYAR_2;x;
1707;179;166;69;HUBYAR_3;x;
1708;181;166;69;HUBYAR_4;x;
1709;181;169;66;WALTAS;x;
1710;183;169;66;WALTAS_1;x;
1711;185;169;66;WALTAS_2;x;
1712;187;169;66;WALTAS_3;x;
1713;189;169;66;WALTAS_4;x;
1714;181;168;57;LIWAS;x;
1715;183;168;57;LIWAS_1;x;
1716;185;168;57;LIWAS_2;x;
1717;187;168;57;LIWAS_3;x;
1718;173;168;69;MAHLOUL;x;
1719;175;168;69;MAHLOUL_1;x;
1720;177;168;69;MAHLOUL_2;x;
1721;179;168;69;MAHLOUL_3;x;
1722;181;168;69;MAHLOUL_4;x;
1723;183;168;69;MAHLOUL_5;x;
1724;219;207;76;HUSN FULQ;x;
1725;221;207;76;HUSN FULQ_1;x;
1726;223;207;76;HUSN FULQ_2;x;
1727;225;207;76;HUSN FULQ_3;x;
1728;227;207;76;HUSN FULQ_4;x;
1729;219;208;94;ABU KHIH;x;
1730;221;208;94;ABU KHIH_1;x;
1731;223;208;94;ABU KHIH_2;x;
1732;225;208;94;ABU KHIH_3;x;
1733;219;209;100;HOQQA;x;
1734;221;209;100;HOQQA_1;x;
1735;223;209;100;HOQQA_2;x;
1736;225;209;100;HOQQA_3;x;
1737;178;165;49;IYAKIS;x;
1738;180;165;49;IYAKIS_1;x;
1739;182;165;49;IYAKIS_2;x;
1740;184;165;49;IYAKIS_3;x;
1741;190;168;50;IYAKIS_4;x;
1742;193;168;50;IYAKIS_5;x;
1743;168;156;47;ABBA;x;
1744;170;156;47;ABBA_1;x;
1745;172;156;47;ABBA_2;x;
1746;174;156;47;ABBA_3;x;
1747;176;156;47;ABBA_4;x;
1748;181;168;50;BIR SEIF;x;
1749;183;168;50;BIR SEIF_1;x;
1750;185;168;50;BIR SEIF_2;x;
1751;187;168;50;BIR SEIF_3;x;
1752;189;168;50;BIR SEIF_4;x;
1753;173;173;69;SAHEL CASTLE;x;
1754;175;173;69;SAHEL CASTLE_1;x;
1755;177;173;69;SAHEL CASTLE_2;x;
1756;179;173;69;SAHEL CASTLE_3;x;
1757;181;173;69;SAHEL CASTLE_4;x;
1758;164;173;69;SAHEL;x;
1759;166;173;69;SAHEL_1;x;
1760;168;173;69;SAHEL_2;x;
1761;170;173;69;ARARAT;x;
1762;172;173;69;SAHEL_3;x;
1763;169;173;69;ASMAIT;x;
1764;167;173;69;ASMAIT_1;x;
1765;165;173;69;ASMAIT_2;x;
1766;163;173;69;ASMAIT_3;x;
1767;206;156;64;AIN BALIQ CASTLE;x;
1768;208;156;64;AIN BALIQ CASTLE_1;x;
1769;210;156;64;AIN BALIQ CASTLE_2;x;
1770;212;156;64;AIN BALIQ CASTLE_3;x;
1771;214;156;64;AIN BALIQ CASTLE_4;x;
1772;216;156;64;AIN BALIQ CASTLE_5;x;
1773;196;148;60;AIN BALIQ;x;
1774;198;148;60;AIN BALIQ_1;x;
1775;200;148;60;AIN BALIQ_2;x;
1776;202;148;60;AIN BALIQ_3;x;
1777;204;148;60;AIN BALIQ_4;x;
1778;186;138;50;DEIR HAWA;x;
1779;188;138;50;DEIR HAWA_1;x;
1780;190;138;50;DEIR HAWA_2;x;
1781;192;138;50;DEIR HAWA_3;x;
1782;191;145;59;BARIHAL CASTLE;x;
1783;193;145;59;BARIHAL CASTLE_1;x;
1784;195;145;59;BARIHAL CASTLE_2;x;
1785;197;145;59;BARIHAL CASTLE_3;x;
1786;199;145;59;BARIHAL CASTLE_4;x;
1787;186;139;53;BARIHAL;x;
1788;188;139;53;BARIHAL_1;x;
1789;190;139;53;BARIHAL_2;x;
1790;192;139;53;BARIHAL_3;x;
1791;194;139;53;BARIHAL_4;x;
1792;186;141;57;WADAR;x;
1793;188;141;57;WADAR_1;x;
1794;190;141;57;WADAR_2;x;
1795;192;141;57;WADAR_3;x;
1796;194;141;57;WADAR_4;x;
1797;152;163;71;RAZIH;x;
1798;154;163;71;RAZIH_1;x;
1799;156;163;71;RAZIH_2;x;
1800;158;163;71;RAZIH_3;x;
1801;160;163;71;RAZIH_4;x;
1802;162;163;71;RAZIH_5;x;
1803;164;163;71;RAZIH_6;x;
1804;155;163;68;QABLAB;x;
1805;157;163;68;QABLAB_1;x;
1806;159;163;68;QABLAB_2;x;
1807;161;163;68;QABLAB_3;x;
1808;163;163;68;QABLAB_4;x;
1809;135;145;63;MUSSUM;x;
1810;137;145;63;MUSSUM_1;x;
1811;139;145;63;MUSSUM_2;x;
1812;141;145;63;MUSSUM_3;x;
1813;143;145;63;MUSSUM_4;x;
1814;121;130;57;DOQA;x;
1815;123;130;57;DOQA_1;x;
1816;125;130;57;DOQA_2;x;
1817;127;130;57;DOQA_3;x;
1818;129;130;57;DOQA_4;x;
1819;204;188;46;MEDENI CASTLE;x;
1820;206;188;46;MEDENI CASTLE_1;x;
1821;208;188;46;MEDENI CASTLE_2;x;
1822;210;188;46;MEDENI CASTLE_3;x;
1823;198;188;46;MEDENI CASTLE_4;x;
1824;175;123;59;QIDNAR;x;
1825;177;123;59;QIDNAR_1;x;
1826;179;123;59;QIDNAR_2;x;
1827;181;123;59;QIDNAR_3;x;
1828;183;123;59;QIDNAR_4;x;
1829;204;187;42;MEDENI;x;
1830;206;187;42;MEDENI_1;x;
1831;208;187;42;MEDENI_2;x;
1832;210;187;42;MEDENI_3;x;
1833;212;187;42;MEDENI_4;x;
1834;198;184;51;QASIRA;x;
1835;200;184;51;QASIRA_1;x;
1836;202;184;51;QASIRA_2;x;
1837;204;184;51;QASIRA_3;x;
1838;206;184;51;QASIRA_4;x;
1839;208;184;51;QASIRA_5;x;
1840;210;184;51;QASIRA_6;x;
1841;204;188;53;ABGHAN;x;
1842;206;188;53;ABGHAN_1;x;
1843;208;188;53;ABGHAN_2;x;
1844;210;188;53;ABGHAN_3;x;
1845;212;188;53;ABGHAN_4;x;
1846;193;179;50;EZBET NAHUL;x;
1847;195;179;50;EZBET NAHUL_1;x;
1848;197;179;50;EZBET NAHUL_2;x;
1849;199;179;50;EZBET NAHUL_3;x;
1850;201;179;50;EZBET NAHUL_4;x;
1851;188;175;52;JAMAYEH CASTLE;x;
1852;190;175;52;JAMAYEH CASTLE_1;x;
1853;192;175;52;JAMAYEH CASTLE_2;x;
1854;194;175;52;JAMAYEH CASTLE_3;x;
1855;196;175;52;JAMAYEH CASTLE_4;x;
1856;198;175;52;JAMAYEH CASTLE_5;x;
1857;183;170;51;JAMAYEH;x;
1858;181;170;51;JAMAYEH_1;x;
1859;179;170;51;JAMAYEH_2;x;
1860;177;170;51;JAMAYEH_3;x;
1861;193;179;54;HUNAB;x;
1862;195;179;54;HUNAB_1;x;
1863;197;179;54;HUNAB_2;x;
1864;199;179;54;HUNAB_3;x;
1865;201;179;54;HUNAB_4;x;
1866;224;170;71;QUYAZ;x;
1867;226;170;71;QUYAZ_1;x;
1868;228;170;71;QUYAZ_2;x;
1869;230;170;71;QUYAZ_3;x;
1870;232;170;71;QUYAZ_4;x;
1871;234;170;71;QUYAZ_5;x;
1872;224;173;78;TASHEBA;x;
1873;226;173;78;TASHEBA_1;x;
1874;228;173;78;TASHEBA_2;x;
1875;230;173;78;TASHEBA_3;x;
1876;216;167;75;BAQ;x;
1877;218;167;75;BAQ_1;x;
1878;220;167;75;BAQ_2;x;
1879;222;167;75;BAQ_3;x;
1880;224;167;75;BAQ_4;x;
1881;226;167;75;BAQ_5;x;
1882;206;159;72;HIBLET;x;
1883;208;159;72;HIBLET_1;x;
1884;210;159;72;HIBLET_2;x;
1885;212;159;72;HIBLET_3;x;
1886;214;159;72;HIBLET_4;x;
1887;216;159;72;HIBLET_5;x;
1888;186;155;31;ASKAR;x;
1889;188;155;31;ASKAR_1;x;
1890;190;155;31;ASKAR_2;x;
1891;192;155;31;ASKAR_3;x;
1892;194;155;31;ASKAR_4;x;
1893;196;155;31;ASKAR_5;x;
1894;198;155;31;ASKAR_6;x;
1895;186;165;31;ZALM;x;
1896;188;165;31;ZALM_1;x;
1897;190;165;31;ZALM_2;x;
1898;192;165;31;ZALM_3;x;
1899;194;165;31;ZALM_4;x;
1900;150;105;51;KAFR HATIF;x;
1901;152;105;51;KAFR HATIF_1;x;
1902;154;105;51;KAFR HATIF_2;x;
1903;156;105;51;KAFR HATIF_3;x;
1904;158;105;51;KAFR HATIF_4;x;
1905;186;170;31;MABWAZ;x;
1906;184;170;31;MABWAZ_1;x;
1907;182;170;31;MABWAZ_2;x;
1908;180;170;31;MABWAZ_3;x;
1909;178;170;31;MABWAZ_4;x;
1910;176;170;31;MABWAZ_5;x;
1911;174;170;31;MABWAZ_6;x;
1912;188;176;45;SHIBAL ZUMR CASTLE;x;
1913;190;176;45;SHIBAL ZUMR CASTLE_1;x;
1914;192;176;45;SHIBAL ZUMR CASTLE_2;x;
1915;194;176;45;SHIBAL ZUMR CASTLE_3;x;
1916;196;176;45;SHIBAL ZUMR CASTLE_4;x;
1917;158;148;37;LAMESA;x;
1918;160;148;37;LAMESA_1;x;
1919;162;148;37;LAMESA_2;x;
1920;164;148;37;LAMESA_3;x;
1921;166;148;37;LAMESA_4;x;
1922;204;192;71;SHIBAL ZUMR;x;
1923;206;192;71;SHIBAL ZUMR_1;x;
1924;208;192;71;SHIBAL ZUMR_2;x;
1925;210;192;71;SHIBAL ZUMR_3;x;
1926;212;192;71;SHIBAL ZUMR_4;x;
1927;214;192;71;SHIBAL ZUMR_5;x;
1928;118;130;31;TAMNUH CASTLE;x;
1929;120;130;31;TAMNUH CASTLE_1;x;
1930;122;130;31;TAMNUH CASTLE_2;x;
1931;124;130;31;TAMNUH CASTLE_3;x;
1932;126;130;31;TAMNUH CASTLE_4;x;
1933;128;130;31;TAMNUH CASTLE_5;x;
1934;120;130;49;KUQA;x;
1935;122;130;49;KUQA_1;x;
1936;124;130;49;KUQA_2;x;
1937;126;130;49;KUQA_3;x;
1938;128;130;49;KUQA_4;x;
1939;130;121;31;TAMNUH;x;
1940;133;121;31;TAMNUH_1;x;
1941;136;121;31;TAMNUH_2;x;
1942;139;121;31;TAMNUH_3;x;
1943;142;121;31;TAMNUH_4;x;
1944;145;121;31;TAMNUH_5;x;
1945;224;161;44;TUBILIS CASTLE;x;
1946;226;161;44;TUBILIS CASTLE_1;x;
1947;228;161;44;TUBILIS CASTLE_2;x;
1948;230;161;44;TUBILIS CASTLE_3;x;
1949;232;161;44;TUBILIS CASTLE_4;x;
1950;234;161;44;TUBILIS CASTLE_5;x;
1951;224;165;56;TUBILIS;x;
1952;226;165;56;TUBILIS_1;x;
1953;228;165;56;TUBILIS_2;x;
1954;230;165;56;TUBILIS_3;x;
1955;232;165;56;TUBILIS_4;x;
1956;224;167;62;FANAB;x;
1957;226;167;62;FANAB_1;x;
1958;228;167;62;FANAB_2;x;
1959;230;167;62;FANAB_3;x;
1960;232;167;62;FANAB_4;x;
1961;234;167;62;FANAB_5;x;
1962;255;71;150;PERASSIC_SEA;x;
1963;255;61;145;PERASSIC_SEA;x;
1964;255;66;148;PERASSIC_SEA;x;
1965;255;63;146;PERASSIC_SEA;x;
1966;255;56;142;PERASSIC_SEA;x;
1967;255;43;135;PERASSIC_SEA;x;
1968;255;40;133;PERASSIC_SEA;x;
1969;234;58;134;PERASSIC_SEA;x;
1970;234;39;124;PERASSIC_SEA;x;
1971;234;44;126;PERASSIC_SEA;x;
1972;234;49;129;PERASSIC_SEA;x;
1973;234;60;136;PERASSIC_SEA;x;
1974;234;51;130;PERASSIC_SEA;x;
1975;234;56;133;PERASSIC_SEA;x;
1976;234;79;146;PERASSIC_SEA;x;
1977;234;84;149;PERASSIC_SEA;x;
1978;234;82;148;PERASSIC_SEA;x;
1979;234;89;152;PERASSIC_SEA;x;
1980;234;91;153;PERASSIC_SEA;x;
1981;234;93;154;PERASSIC_SEA;x;
1982;234;105;161;PERASSIC_SEA;x;
1983;234;150;186;PERASSIC_SEA;x;
1984;234;100;158;PERASSIC_SEA;x;
1985;234;147;185;PERASSIC_SEA;x;
1986;234;152;188;PERASSIC_SEA;x;
1987;234;96;156;GOREAN_BAY;x;
1988;234;98;157;GOREAN_BAY;x;
1989;234;154;189;GULF_OF_VOSTRUM;x;
1990;234;190;209;GULF_OF_VOSTRUM;x;
1991;234;185;206;GULF_OF_VOSTRUM;x;
1992;234;157;190;GULF_OF_VOSTRUM;x;
1993;234;159;192;GULF_OF_VOSTRUM;x;
1994;234;180;204;KANNIC_COAST;x;
1995;234;175;201;KANNIC_COAST;x;
1996;234;171;198;KANNIC_COAST;x;
1997;234;161;193;BAHR_AL_YESHM;x;
1998;234;143;182;BAHR_AL_YESHM;x;
1999;234;133;177;BAHR_AL_YESHM;x;
2000;234;121;170;BAHR_AL_YESHM;x;
2001;234;117;168;BAHR_AL_YESHM;x;
2002;234;129;174;BAHR_AL_YESHM;x;
2003;234;124;172;BAHR_AL_YESHM;x;
2004;234;138;180;BAHR_AL_YESHM;x;
2005;234;112;165;BAHR_AL_YESHM;x;
2006;234;107;162;BAHR_AL_YESHM;x;
2007;234;75;144;BAHR_AL_YESHM;x;
2008;234;72;142;BAHR_AL_YESHM;x;
2009;234;70;141;BAHR_AL_YESHM;x;
2010;234;68;140;BAHR_AL_YESHM;x;
2011;234;65;138;BAHR_AL_YESHM;x;
2012;234;63;137;BAHR_AL_YESHM;x;
2013;234;37;122;BAHR_AL_YESHM;x;
2014;255;45;136;BAHR_AL_YESHM;x;
2015;255;48;137;BAHR_AL_YESHM;x;
2016;255;50;139;BAHR_AL_YESHM;x;
2017;234;166;196;BAHR_AL_YESHM;x;
2018;255;68;149;BAHR_AL_YESHM;x;
2019;255;73;152;BAY_OF_ORTYSIA;x;
2020;255;76;153;BAY_OF_ORTYSIA;x;
2021;255;79;155;BAY_OF_ORTYSIA;x;
2022;255;86;196;BAY_OF_ORTYSIA;x;
2023;255;91;197;BAY_OF_ORTYSIA;x;
2024;255;96;199;BAY_OF_ORTYSIA;x;
2025;255;81;194;BAY_OF_ORTYSIA;x;
2026;255;76;192;BAY_OF_ORTYSIA;x;
2027;255;96;165;BAY_OF_ORTYSIA;x;
2028;255;81;156;BAY_OF_ORTYSIA;x;
2029;255;86;159;BAY_OF_ORTYSIA;x;
2030;255;91;162;BAY_OF_ORTYSIA;x;
2031;255;71;190;BAY_OF_ORTYSIA;x;
2032;255;168;247;BAY_OF_QUYAZ;x;
2033;255;168;250;STRAIT_OF_GARANTOR;x;
2034;255;168;240;STRAIT_OF_GARANTOR;x;
2035;189;70;219;STRAIT_OF_GARANTOR;x;
2036;213;47;216;GULF_OF_CHARAS;x;
2037;213;94;156;GULF_OF_CHARAS;x;
2038;211;52;156;GULF_OF_CHARAS;x;
2039;219;54;161;GULF_OF_CHARAS;x;
2040;193;48;142;GULF_OF_CHARAS;x;
2041;211;63;159;GULF_OF_CHARAS;x;
2042;193;38;139;GULF_OF_CHARAS;x;
2043;193;32;137;GULF_OF_CHARAS;x;
2044;201;34;142;GULF_OF_CHARAS;x;
2045;209;31;146;GULF_OF_CHARAS;x;
2046;214;27;148;GULF_OF_CHARAS;x;
2047;219;24;150;GULF_OF_CHARAS;x;
2048;224;24;154;GULF_OF_CHARAS;x;
2049;104;93;226;MARE_CALRADICA;x;
2050;106;95;226;MARE_CALRADICA;x;
2051;108;97;226;MARE_CALRADICA;x;
2052;110;99;226;MARE_CALRADICA;x;
2053;122;113;226;MARE_CALRADICA;x;
2054;120;111;226;MARE_CALRADICA;x;
2055;118;108;226;MARE_CALRADICA;x;
2056;125;115;226;MARE_CALRADICA;x;
2057;127;118;226;MARE_CALRADICA;x;
2058;131;122;226;MARE_CALRADICA;x;
2059;18;0;219;MARE_CALRADICA;x;
2060;22;4;219;MARE_CALRADICA;x;
2061;26;8;219;MARE_CALRADICA;x;
2062;30;13;219;MARE_CALRADICA;x;
2063;34;17;219;MARE_CALRADICA;x;
2064;42;26;219;MARE_CALRADICA;x;
2065;102;92;219;MARE_CALRADICA;x;
2066;98;87;219;MARE_CALRADICA;x;
2067;100;88;226;MARE_CALRADICA;x;
2068;97;86;226;MARE_CALRADICA;x;
2069;95;83;226;MARE_CALRADICA;x;
2070;50;35;219;MARE_CALRADICA;x;
2071;46;30;219;MARE_CALRADICA;x;
2072;54;39;219;MARE_CALRADICA;x;
2073;58;43;219;MARE_CALRADICA;x;
2074;62;48;219;MARE_CALRADICA;x;
2075;66;52;219;MARE_CALRADICA;x;
2076;106;96;219;MARE_CALRADICA;x;
2077;74;61;219;MARE_CALRADICA;x;
2078;70;57;219;MARE_CALRADICA;x;
2079;78;65;219;MARE_CALRADICA;x;
2080;82;70;219;MARE_CALRADICA;x;
2081;94;83;219;MARE_CALRADICA;x;
2082;90;78;219;MARE_CALRADICA;x;
2083;118;109;219;MARE_CALRADICA;x;
2084;91;79;226;MARE_CALRADICA;x;
2085;86;74;219;MARE_CALRADICA;x;
2086;87;74;226;MARE_CALRADICA;x;
2087;83;70;226;MARE_CALRADICA;x;
2088;79;65;226;MARE_CALRADICA;x;
2089;75;61;226;MARE_CALRADICA;x;
2090;70;56;226;MARE_CALRADICA;x;
2091;60;45;226;MARE_CALRADICA;x;
2092;64;49;226;MARE_CALRADICA;x;
2093;56;40;226;MARE_CALRADICA;x;
2094;66;52;226;MARE_CALRADICA;x;
2095;110;100;219;MARE_CALRADICA;x;
2096;114;105;219;MARE_CALRADICA;x;
2097;244;53;177;MARE_CALRADICA;x;
2098;239;52;174;MARE_CALRADICA;x;
2099;234;49;169;MARE_CALRADICA;x;
2100;229;48;166;MARE_CALRADICA;x;
2101;224;47;162;MARE_CALRADICA;x;
2102;219;46;158;MARE_CALRADICA;x;
2103;214;44;154;MARE_CALRADICA;x;
2104;209;43;151;MARE_CALRADICA;x;
2105;213;47;190;MARE_CALRADICA;x;
2106;249;59;183;MARE_CALRADICA;x;
2107;249;54;181;MARE_CALRADICA;x;
2108;249;64;185;MARE_CALRADICA;x;
2109;114;104;226;MARE_CALRADICA;x;
2110;52;36;226;GOLDEN_COAST;x;
2111;48;31;226;GOLDEN_COAST;x;
2112;43;27;226;GOLDEN_COAST;x;
2113;39;22;226;GOLDEN_COAST;x;
2114;35;18;226;GOLDEN_COAST;x;
2115;31;13;226;GOLDEN_COAST;x;
2116;27;9;226;GOLDEN_COAST;x;
2117;23;4;226;GOLDEN_COAST;x;
2118;18;0;226;GOLDEN_COAST;x;
2119;101;89;234;GOLDEN_COAST;x;
2120;94;82;234;GOLDEN_COAST;x;
2121;66;51;234;OSTICAN_BAY;x;
2122;64;49;234;OSTICAN_BAY;x;
2123;69;53;234;OSTICAN_BAY;x;
2124;75;60;234;OSTICAN_BAY;x;
2125;77;63;234;OSTICAN_BAY;x;
2126;79;65;234;OSTICAN_BAY;x;
2127;62;46;234;OSTICAN_BAY;x;
2128;60;44;234;OSTICAN_BAY;x;
2129;96;84;234;SEA_OF_VALANDION;x;
2130;92;79;234;SEA_OF_VALANDION;x;
2131;86;72;234;SEA_OF_VALANDION;x;
2132;84;70;234;SEA_OF_VALANDION;x;
2133;81;68;234;SEA_OF_VALANDION;x;
2134;58;42;234;SEA_OF_VALANDION;x;
2135;56;39;234;SEA_OF_VALANDION;x;
2136;53;37;234;SEA_OF_VALANDION;x;
2137;49;32;234;SEA_OF_VALANDION;x;
2138;36;18;234;SEA_OF_VALANDION;x;
2139;45;28;234;SEA_OF_VALANDION;x;
2140;32;14;234;SEA_OF_VALANDION;x;
2141;41;23;234;SEA_OF_VALANDION;x;
2142;107;94;255;SEA_OF_VALANDION;x;
2143;100;86;255;SEA_OF_VALANDION;x;
2144;98;84;255;SEA_OF_VALANDION;x;
2145;96;81;255;SEA_OF_VALANDION;x;
2146;90;77;234;SEA_OF_VALANDION;x;
2147;88;75;234;SEA_OF_VALANDION;x;
2148;117;104;255;BAY_OF_VARCHEG;x;
2149;112;99;255;BAY_OF_VARCHEG;x;
2150;114;102;255;BAY_OF_VARCHEG;x;
2151;114;99;255;BAY_OF_VARCHEG;x;
2152;119;107;255;BAY_OF_VARCHEG;x;
2153;25;4;249;BAY_OF_VARCHEG;x;
2154;20;0;249;BAY_OF_VARCHEG;x;
2155;29;9;249;BAY_OF_VARCHEG;x;
2156;32;12;249;BAY_OF_VARCHEG;x;
2157;34;14;249;BAY_OF_VARCHEG;x;
2158;36;17;249;BAY_OF_VARCHEG;x;
2159;43;24;249;BAY_OF_VARCHEG;x;
2160;39;19;249;BAY_OF_VARCHEG;x;
2161;41;22;249;BAY_OF_VARCHEG;x;
2162;46;27;249;BAY_OF_VARCHEG;x;
2163;27;7;249;BAY_OF_VARCHEG;x;
2164;103;89;255;BYALIC_SEA;x;
2165;82;66;255;BYALIC_SEA;x;
2166;93;79;255;BYALIC_SEA;x;
2167;89;73;255;BYALIC_SEA;x;
2168;86;71;255;BYALIC_SEA;x;
2169;79;63;255;BYALIC_SEA;x;
2170;84;68;255;BYALIC_SEA;x;
2171;77;61;255;BYALIC_SEA;x;
2172;75;58;255;BYALIC_SEA;x;
2173;72;56;255;BYALIC_SEA;x;
2174;70;53;255;BYALIC_SEA;x;
2175;67;50;255;BYALIC_SEA;x;
2176;65;48;255;BYALIC_SEA;x;
2177;63;45;255;BYALIC_SEA;x;
2178;28;9;234;BYALIC_SEA;x;
2179;19;0;234;BYALIC_SEA;x;
2180;23;4;234;BYALIC_SEA;x;
2181;40;21;242;BYALIC_SEA;x;
2182;37;19;242;BYALIC_SEA;x;
2183;33;14;242;BYALIC_SEA;x;
2184;31;12;242;BYALIC_SEA;x;
2185;24;4;242;BYALIC_SEA;x;
2186;20;0;242;BYALIC_SEA;x;
2187;26;7;242;BYALIC_SEA;x;
2188;50;32;249;BYALIC_SEA;x;
2189;52;34;249;BYALIC_SEA;x;
2190;55;37;249;BYALIC_SEA;x;
2191;57;39;249;BYALIC_SEA;x;
2192;62;44;249;BYALIC_SEA;x;
2193;119;107;249;BYALIC_SEA;x;
2194;117;104;249;SEA_OF_JUMNE;x;
2195;64;47;249;SEA_OF_JUMNE;x;
2196;114;102;249;SEA_OF_JUMNE;x;
2197;66;49;249;SEA_OF_JUMNE;x;
2198;112;99;249;SEA_OF_JUMNE;x;
2199;107;94;249;SEA_OF_JUMNE;x;
2200;110;97;249;SEA_OF_JUMNE;x;
2201;68;52;249;SEA_OF_JUMNE;x;
2202;105;92;249;SEA_OF_JUMNE;x;
2203;103;89;249;SEA_OF_JUMNE;x;
2204;101;87;249;SEA_OF_JUMNE;x;
2205;71;54;249;SEA_OF_JUMNE;x;
2206;73;57;249;SEA_OF_JUMNE;x;
2207;98;84;249;SEA_OF_JUMNE;x;
2208;96;82;249;SEA_OF_JUMNE;x;
2209;94;79;249;SEA_OF_JUMNE;x;
2210;91;77;249;SEA_OF_JUMNE;x;
2211;75;59;249;SEA_OF_JUMNE;x;
2212;89;74;249;SEA_OF_JUMNE;x;
2213;87;72;249;SEA_OF_JUMNE;x;
2214;84;69;249;SEA_OF_JUMNE;x;
2215;82;67;249;SEA_OF_JUMNE;x;
2216;80;64;249;SEA_OF_JUMNE;x;
2217;78;62;249;SEA_OF_JUMNE;x;
2218;51;33;255;MAZAPOR_BAY;x;
2219;53;35;255;MAZAPOR_BAY;x;
2220;58;40;255;MAZAPOR_BAY;x;
2221;46;28;255;MAZAPOR_BAY;x;
2222;49;30;255;MAZAPOR_BAY;x;
2223;44;25;255;MAZAPOR_BAY;x;
2224;42;22;255;MAZAPOR_BAY;x;
2225;39;20;255;MAZAPOR_BAY;x;
2226;35;15;255;MAZAPOR_BAY;x;
2227;37;17;255;MAZAPOR_BAY;x;
2228;32;12;255;MAZAPOR_BAY;x;
2229;30;10;255;MAZAPOR_BAY;x;
2230;25;5;255;MAZAPOR_BAY;x;
2231;21;0;255;MAZAPOR_BAY;x;
2232;9;186;186;LAKE_LACONIS;x;
2233;9;188;188;LAKE_LACONIS;x;
2234;9;196;196;LAKE_LACONIS;x;
2235;10;201;201;LAKE_LACONIS;x;
2236;10;204;204;LAKE_LACONIS;x;
2237;10;206;206;LAKE_LACONIS;x;
2238;9;198;198;LAKE_LACONIS;x;
2239;10;209;209;LAKE_LACONIS;x;
2240;10;211;211;LAKE_LACONIS;x;
2241;8;219;219;LAKE_LACONIS;x;
2242;8;214;214;LAKE_LACONIS;x;
2243;9;193;193;LAKE_LACONIS;x;
2244;9;191;191;LAKE_LACONIS;x;
2245;8;178;178;LAKE_LACONIS;x;
2246;9;229;229;LAKE_LACONIS;x;
2247;4;234;234;LAKE_LACONIS;x;
2248;8;173;173;LAKE_LACONIS;x;
2249;8;170;170;LAKE_LACONIS;x;
2250;4;239;239;LAKE_LACONIS;x;
2251;4;244;244;LAKE_LACONIS;x;
2252;8;168;168;LAKE_LACONIS;x;
2253;10;168;168;LAKE_LACONIS;x;
2254;11;168;168;LAKE_LACONIS;x;
2255;13;168;168;LAKE_LACONIS;x;
2256;16;168;168;LAKE_LACONIS;x;
2257;4;249;249;LAKE_LACONIS;x;
2258;5;255;255;LAKE_LACONIS;x;
2259;9;183;183;LAKE_LACONIS;x;
2260;154;234;210;PORTAGES_OF_ILTAN;x;
2261;158;239;215;PORTAGES_OF_ILTAN;x;
2262;161;244;219;PORTAGES_OF_ILTAN;x;
2263;164;249;224;PORTAGES_OF_ILTAN;x;
2264;132;255;218;PORTAGES_OF_ILTAN;x;
2265;137;255;219;PORTAGES_OF_ILTAN;x;
2266;158;255;225;PORTAGES_OF_ILTAN;x;
2267;145;255;222;PORTAGES_OF_ILTAN;x;
2268;117;255;213;PORTAGES_OF_ILTAN;x;
2269;122;255;215;PORTAGES_OF_ILTAN;x;
2270;127;255;216;PORTAGES_OF_ILTAN;x;
2271;112;255;212;LAKE_TANESIS;x;
2272;107;255;210;LAKE_TANESIS;x;
2273;102;255;209;LAKE_TANESIS;x;
2274;96;255;207;LAKE_TANESIS;x;
2275;91;255;206;LAKE_TANESIS;x;
2276;86;255;204;LAKE_TANESIS;x;
2277;81;255;202;LAKE_TANESIS;x;
2278;66;255;198;LAKE_TANESIS;x;
2279;56;255;198;LAKE_TANESIS;x;
2280;71;255;199;LAKE_TANESIS;x;
2281;61;255;196;LAKE_TANESIS;x;
2282;40;255;194;LAKE_TANESIS;x;
2283;50;255;197;LAKE_TANESIS;x;
2284;35;255;192;LAKE_TANESIS;x;
2285;45;255;195;LAKE_TANESIS;x;
2286;30;255;191;TANAEITIC_RIVER;x;
2287;25;255;189;TANAEITIC_RIVER;x;
2288;20;255;188;TANAEITIC_RIVER;x;
2289;15;255;187;TANAEITIC_RIVER;x;
2290;10;255;185;THE_CALSEA;x;
2291;7;255;184;THE_CALSEA;x;
2292;5;255;184;THE_CALSEA;x;
2293;0;255;182;THE_CALSEA;x;
2294;255;191;0;HAWR_AL_SIRUN;x;
2295;249;187;0;HAWR_AL_SIRUN;x;
2296;244;183;0;HAWR_AL_SIRUN;x;
2297;239;179;0;NAHR_AL_KAIS;x;
2298;234;175;0;NAHR_AL_KAIS;x;
2299;229;172;0;NAHR_AL_KAIS;x;
2300;224;168;0;NAHR_AL_KAIS;x;
2301;219;164;0;NAHR_AL_KAIS;x;
2302;216;162;0;NAHR_AL_KAIS;x;
2303;211;158;0;NAHR_AL_KAIS;x;
2304;206;154;0;BAHR_AL_JAZIRA;x;
2305;201;151;0;BAHR_AL_JAZIRA;x;
2306;196;161;58;BAHR_AL_JAZIRA;x;
2307;196;163;66;BAHR_AL_JAZIRA;x;
2308;196;161;54;BAHR_AL_JAZIRA;x;
2309;196;147;0;BAHR_AL_JAZIRA;x;
2310;196;160;51;BAHR_AL_JAZIRA;x;
2311;196;148;3;BAHR_AL_JAZIRA;x;
2312;196;149;7;BAHR_AL_JAZIRA;x;
2313;196;150;11;BAHR_AL_JAZIRA;x;
2314;196;151;15;BAHR_AL_JAZIRA;x;
2315;196;152;19;BAHR_AL_JAZIRA;x;
2316;196;154;27;BAHR_AL_JAZIRA;x;
2317;196;153;23;BAHR_AL_JAZIRA;x;
2318;195;155;31;BAHR_AL_JAZIRA;x;
2319;196;156;35;BAHR_AL_JAZIRA;x;
2320;196;159;47;BAHR_AL_JAZIRA;x;
2321;196;158;43;BAHR_AL_JAZIRA;x;
2322;196;157;39;BAHR_AL_JAZIRA;x;
2323;196;164;70;BAHR_AL_JAZIRA;x;
2324;196;166;76;KHALIIJ_AL_FIDDTAN;x;
2325;255;255;255;TERRA_COGNITA;x;
2326;255;28;128;MARE_INCOGNITUM;x;
2327;0;255;255;OKUN_IBA;x;
2328;31;17;178;MARE_POLARIUM;x;
2329;255;255;119;TERRA_INCOGNITUM;x;
2330;77;77;77;impassable_mountain;x;x;
2331;75;75;75;impassable_mountain;x;x;
2332;87;87;87;impassable_mountain;x;x;
2333;89;89;89;impassable_mountain;x;x;
2334;50;49;50;impassable_mountain;x;x;
2335;45;45;45;impassable_mountain;x;x;
2336;40;45;40;impassable_mountain;x;x;
2337;85;85;85;impassable_mountain;x;x;
2338;79;79;79;impassable_mountain;x;x;
2339;42;45;40;impassable_mountain;x;x;
2340;44;45;40;impassable_mountain;x;x;
2341;46;45;40;impassable_mountain;x;x;
2342;25;25;30;impassable_mountain;x;x;
2343;56;45;40;impassable_mountain;x;x;
2344;58;45;40;impassable_mountain;x;x;
2345;147;135;135;impassable_mountain;x;x;
2346;131;131;150;impassable_mountain;x;x;
2347;145;135;135;impassable_mountain;x;x;
2348;48;45;40;impassable_mountain;x;x;
2349;131;131;154;impassable_mountain;x;x;
2350;50;45;40;impassable_mountain;x;x;
2351;131;131;152;impassable_mountain;x;x;
2352;52;45;40;impassable_mountain;x;x;
2353;131;131;158;impassable_mountain;x;x;
2354;54;45;40;impassable_mountain;x;x;
2355;131;131;156;impassable_mountain;x;x;
2356;131;131;162;impassable_mountain;x;x;
2357;131;131;160;impassable_mountain;x;x;
2358;25;25;32;impassable_mountain;x;x;
2359;25;25;34;impassable_mountain;x;x;
2360;25;25;36;impassable_mountain;x;x;
2361;25;25;38;impassable_mountain;x;x;
2362;204;141;141;impassable_mountain;x;x;
2363;206;141;141;impassable_mountain;x;x;
2364;200;141;141;impassable_mountain;x;x;
2365;202;141;141;impassable_mountain;x;x;
2366;102;55;55;impassable_mountain;x;x;
2367;100;55;55;impassable_mountain;x;x;
2368;98;55;55;impassable_mountain;x;x;
2369;96;55;55;impassable_mountain;x;x;
2370;108;55;55;impassable_mountain;x;x;
2371;106;55;55;impassable_mountain;x;x;
2372;104;55;55;impassable_mountain;x;x;
2373;87;55;55;impassable_mountain;x;x;
2374;85;55;55;impassable_mountain;x;x;
2375;83;55;55;impassable_mountain;x;x;
2376;81;55;55;impassable_mountain;x;x;
2377;94;55;55;impassable_mountain;x;x;
2378;92;55;55;impassable_mountain;x;x;
2379;89;55;55;impassable_mountain;x;x;
2380;71;55;55;impassable_mountain;x;x;
2381;69;55;55;impassable_mountain;x;x;
2382;67;55;55;impassable_mountain;x;x;
2383;65;55;55;impassable_mountain;x;x;
2384;79;55;55;impassable_mountain;x;x;
2385;77;55;55;impassable_mountain;x;x;
2386;75;55;55;impassable_mountain;x;x;
2387;73;55;55;impassable_mountain;x;x;
2388;141;141;12;impassable_mountain;x;x;
2389;141;141;14;impassable_mountain;x;x;
2390;141;141;10;impassable_mountain;x;x;
2391;141;141;28;impassable_mountain;x;x;
2392;141;141;30;impassable_mountain;x;x;
2393;141;141;24;impassable_mountain;x;x;
2394;141;141;26;impassable_mountain;x;x;
2395;141;141;20;impassable_mountain;x;x;
2396;141;141;22;impassable_mountain;x;x;
2397;141;141;16;impassable_mountain;x;x;
2398;141;141;18;impassable_mountain;x;x;
2399;141;141;44;impassable_mountain;x;x;
2400;141;141;46;impassable_mountain;x;x;
2401;141;141;40;impassable_mountain;x;x;
2402;141;141;42;impassable_mountain;x;x;
2403;141;141;36;impassable_mountain;x;x;
2404;141;141;38;impassable_mountain;x;x;
2405;141;141;32;impassable_mountain;x;x;
2406;141;141;34;impassable_mountain;x;x;
2407;62;92;62;impassable_mountain;x;x;
2408;69;42;69;impassable_mountain;x;x;
2409;52;52;52;impassable_mountain;x;x;
2410;111;152;111;impassable_mountain;x;x;
2411;111;150;111;impassable_mountain;x;x;
2412;151;234;151;impassable_mountain;x;x;
2413;151;236;151;impassable_mountain;x;x;
2414;151;214;151;impassable_mountain;x;x;
2415;151;230;151;impassable_mountain;x;x;
2416;151;232;151;impassable_mountain;x;x;
2417;151;212;151;impassable_mountain;x;x;
2418;151;210;151;impassable_mountain;x;x;
2419;151;208;151;impassable_mountain;x;x;
2420;151;202;151;impassable_mountain;x;x;
2421;151;200;151;impassable_mountain;x;x;
2422;151;204;151;impassable_mountain;x;x;
2423;151;206;151;impassable_mountain;x;x;
2424;100;120;100;impassable_mountain;x;x;
2425;111;154;111;impassable_mountain;x;x;
2426;100;122;100;impassable_mountain;x;x;
2427;100;126;100;impassable_mountain;x;x;
2428;100;124;100;impassable_mountain;x;x;
2429;38;20;38;impassable_mountain;x;x;
2430;36;20;36;impassable_mountain;x;x;
2431;32;20;32;impassable_mountain;x;x;
2432;32;32;32;impassable_mountain;x;x;
2433;34;20;34;impassable_mountain;x;x;
2434;12;12;12;impassable_mountain;x;x;
2435;20;20;20;impassable_mountain;x;x;
2436;22;22;22;impassable_mountain;x;x;
2437;24;24;24;impassable_mountain;x;x;
2438;26;26;26;impassable_mountain;x;x;
2439;28;28;28;impassable_mountain;x;x;
2440;30;30;30;impassable_mountain;x;x;
2441;30;20;30;impassable_mountain;x;x;
2442;58;58;58;impassable_mountain;x;x;
2443;60;60;60;impassable_mountain;x;x;
2444;62;104;62;impassable_mountain;x;x;
2445;62;102;62;impassable_mountain;x;x;
2446;62;96;62;impassable_mountain;x;x;
2447;62;98;62;impassable_mountain;x;x;
2448;62;88;62;impassable_mountain;x;x;
2449;62;86;62;impassable_mountain;x;x;
2450;62;80;62;impassable_mountain;x;x;
2451;62;82;62;impassable_mountain;x;x;
2452;62;84;62;impassable_mountain;x;x;
2453;62;90;62;impassable_mountain;x;x;
2454;62;76;62;impassable_mountain;x;x;
2455;62;78;62;impassable_mountain;x;x;
2456;62;74;62;impassable_mountain;x;x;
2457;62;72;62;impassable_mountain;x;x;
2458;62;94;62;impassable_mountain;x;x;
2459;62;70;62;impassable_mountain;x;x;
2460;69;46;69;impassable_mountain;x;x;
2461;69;50;69;impassable_mountain;x;x;
2462;69;40;69;impassable_mountain;x;x;
2463;69;34;69;impassable_mountain;x;x;
2464;69;32;69;impassable_mountain;x;x;
2465;69;28;69;impassable_mountain;x;x;
2466;69;30;69;impassable_mountain;x;x;
2467;69;22;69;impassable_mountain;x;x;
2468;69;24;69;impassable_mountain;x;x;
2469;69;26;69;impassable_mountain;x;x;
2470;69;16;69;impassable_mountain;x;x;
2471;69;18;69;impassable_mountain;x;x;
2472;69;20;69;impassable_mountain;x;x;
2473;69;14;69;impassable_mountain;x;x;
2474;69;12;69;impassable_mountain;x;x;
2475;69;8;69;impassable_mountain;x;x;
2476;69;10;69;impassable_mountain;x;x;
2477;69;4;69;impassable_mountain;x;x;
2478;69;6;69;impassable_mountain;x;x;
2479;69;2;69;impassable_mountain;x;x;
2480;69;0;69;impassable_mountain;x;x;
2481;69;36;69;impassable_mountain;x;x;
2482;54;54;54;impassable_mountain;x;x;
2483;56;56;56;impassable_mountain;x;x;
2484;171;30;169;impassable_mountain;x;x;
2485;171;26;169;impassable_mountain;x;x;
2486;69;36;71;impassable_mountain;x;x;
2487;171;20;169;impassable_mountain;x;x;
2488;171;22;169;impassable_mountain;x;x;
2489;171;24;169;impassable_mountain;x;x;
2490;171;28;169;impassable_mountain;x;x;
2491;171;32;169;impassable_mountain;x;x;
2492;171;34;169;impassable_mountain;x;x;
2493;171;36;169;impassable_mountain;x;x;
2494;171;60;169;impassable_mountain;x;x;
2495;171;62;169;impassable_mountain;x;x;
2496;171;70;169;impassable_mountain;x;x;
2497;30;30;20;impassable_mountain;x;x;
2498;94;70;70;impassable_mountain;x;x;
2499;92;70;70;impassable_mountain;x;x;
2500;90;70;70;impassable_mountain;x;x;
2501;102;70;70;impassable_mountain;x;x;
2502;172;140;140;impassable_mountain;x;x;
2503;100;70;70;impassable_mountain;x;x;
2504;174;140;140;impassable_mountain;x;x;
2505;98;70;70;impassable_mountain;x;x;
2506;96;70;70;impassable_mountain;x;x;
2507;170;140;140;impassable_mountain;x;x;
2508;164;140;140;impassable_mountain;x;x;
2509;111;70;70;impassable_mountain;x;x;
2510;108;70;70;impassable_mountain;x;x;
2511;106;70;70;impassable_mountain;x;x;
2512;160;140;140;impassable_mountain;x;x;
2513;104;70;70;impassable_mountain;x;x;
2514;162;140;140;impassable_mountain;x;x;
2515;180;140;140;impassable_mountain;x;x;
2516;182;140;140;impassable_mountain;x;x;
2517;176;140;140;impassable_mountain;x;x;
2518;178;140;140;impassable_mountain;x;x;
2519;167;230;230;impassable_mountain;x;x;
2520;165;230;230;impassable_mountain;x;x;
2521;140;140;200;impassable_mountain;x;x;
2522;163;230;230;impassable_mountain;x;x;
2523;142;140;200;impassable_mountain;x;x;
2524;161;230;230;impassable_mountain;x;x;
2525;169;230;230;impassable_mountain;x;x;
2526;152;140;200;impassable_mountain;x;x;
2527;144;140;200;impassable_mountain;x;x;
2528;146;140;200;impassable_mountain;x;x;
2529;148;140;200;impassable_mountain;x;x;
2530;150;140;200;impassable_mountain;x;x;
2531;240;240;98;impassable_mountain;x;x;
2532;240;240;100;impassable_mountain;x;x;
2533;170;170;10;impassable_mountain;x;x;
2534;240;240;80;impassable_mountain;x;x;
2535;170;170;8;impassable_mountain;x;x;
2536;240;240;82;impassable_mountain;x;x;
2537;170;170;14;impassable_mountain;x;x;
2538;240;240;84;impassable_mountain;x;x;
2539;170;170;12;impassable_mountain;x;x;
2540;240;240;86;impassable_mountain;x;x;
2541;170;170;2;impassable_mountain;x;x;
2542;240;240;88;impassable_mountain;x;x;
2543;170;170;0;impassable_mountain;x;x;
2544;240;240;90;impassable_mountain;x;x;
2545;170;170;4;impassable_mountain;x;x;
2546;170;170;26;impassable_mountain;x;x;
2547;170;170;24;impassable_mountain;x;x;
2548;170;170;30;impassable_mountain;x;x;
2549;170;170;28;impassable_mountain;x;x;
2550;170;170;18;impassable_mountain;x;x;
2551;170;170;16;impassable_mountain;x;x;
2552;240;240;74;impassable_mountain;x;x;
2553;170;170;22;impassable_mountain;x;x;
2554;240;240;76;impassable_mountain;x;x;
2555;170;170;20;impassable_mountain;x;x;
2556;240;240;78;impassable_mountain;x;x;
2557;180;94;100;impassable_mountain;x;x;
2558;180;98;100;impassable_mountain;x;x;
2559;180;96;100;impassable_mountain;x;x;
2560;180;100;100;impassable_mountain;x;x;
2561;180;92;100;impassable_mountain;x;x;
2562;180;90;100;impassable_mountain;x;x;
2563;180;44;100;impassable_mountain;x;x;
2564;180;74;100;impassable_mountain;x;x;
2565;180;70;100;impassable_mountain;x;x;
2566;180;46;100;impassable_mountain;x;x;
2567;180;72;100;impassable_mountain;x;x;
2568;180;40;100;impassable_mountain;x;x;
2569;180;42;100;impassable_mountain;x;x;
2570;180;80;100;impassable_mountain;x;x;
2571;180;82;100;impassable_mountain;x;x;
2572;180;78;100;impassable_mountain;x;x;
2573;180;76;100;impassable_mountain;x;x;
2574;180;100;102;impassable_mountain;x;x;
2575;180;100;104;impassable_mountain;x;x;
2576;180;100;106;impassable_mountain;x;x;
2577;140;120;120;impassable_mountain;x;x;
2578;142;120;120;impassable_mountain;x;x;
2579;130;120;120;impassable_mountain;x;x;
2580;132;120;120;impassable_mountain;x;x;
2581;134;120;120;impassable_mountain;x;x;
2582;111;68;20;Danschen;x;x;
2583;0;141;205;FIRDFAL;x;
2584;0;139;205;REDOR;x;
2585;0;137;205;WINDYLL;x;
2586;0;135;205;ANCRIN;x;
2587;0;133;205;NEVAL;x;
2588;0;151;241;GLUNMAR;x;
2589;0;149;241;ULDFALL;x;
2590;0;147;241;HIVR;x;
2591;0;145;241;LIVIGET;x;
2592;0;143;241;MULGRIC;x;
2593;0;201;153;ILVIA;x;
2594;0;199;153;ERNENDYLL;x;
2595;0;197;153;REINDAL;x;
2596;0;195;153;GADWICK;x;
2597;0;193;153;LETIVAL;x;
2598;0;241;143;ISTINIAR;x;
2599;0;239;143;LARNDYLL;x;
2600;0;237;143;OVWICK;x;
2601;0;235;143;HORSMERE;x;
2602;0;233;143;TANGONIS;x;
2603;0;211;141;MARAS CASTLE;x;
2604;0;209;141;REVERAN;x;
2605;0;207;141;RONSFURD;x;
2606;0;205;141;ARTWYCK;x;
2607;0;141;137;MENTHOR;x;
2608;0;139;137;MOTTLING;x;
2609;0;137;137;ERINDEN;x;
2610;0;135;137;COUTRAHAL;x;
2611;0;198;153;MONTARF;x;
2612;0;196;153;DARVOS;x;
2613;0;194;153;SULSTAN;x;
2614;0;192;153;VESMAR CLIFFS;x;
2615;0;190;153;ORTREST;x;
2616;0;140;211;MORIN;x;
2617;0;138;211;CALEND;x;
2618;0;136;211;ONSCHOLD;x;
2619;0;134;211;HANSEC;x;
2620;150;0;119;ASANDI;x;
2621;148;0;119;EILIEN;x;
2622;146;0;119;TALBAR;x;
2623;144;0;119;ILSEN;x;
2624;142;0;119;YIVERI;x;
2625;170;0;170;BYIHLL;x;
2626;168;0;170;SERTIF;x;
2627;162;0;170;UNON;x;
2628;160;0;170;ELSWER;x;
2629;166;0;170;RINVA;x;
2630;164;0;170;SINTARC;x;
2631;179;0;215;HALWYN;x;
2632;177;0;215;WEYAN;x;
2633;175;0;215;CASTELAN;x;
2634;173;0;215;MAROC;x;
2635;171;0;215;CILAN;x;
2636;198;0;230;JALMICH CASTLE;x;
2637;196;0;230;JALMICH;x;
2638;194;0;230;VALASAM;x;
2639;192;0;230;GALYCAS;x;
2640;200;0;230;SERNAC;x;
2641;127;0;111;KEINDAL;x;
2642;135;0;111;SENUZAN;x;
2643;133;0;111;BERLGAN;x;
2644;131;0;111;CIDWICK;x;
2645;129;0;111;VEIRSGOT;x;
2646;119;0;142;MITUN;x;
2647;117;0;142;CIRIF;x;
2648;115;0;142;TELIN;x;
2649;113;0;142;YARAN;x;
2650;120;0;160;VISAR;x;
2651;120;0;158;ALENTID;x;
2652;120;0;156;CULSHIR;x;
2653;120;0;154;REISEL;x;
2654;120;0;152;ERTHIC;x;
2655;225;0;180;WINAN;x;
2656;221;0;180;CARA;x;
2657;223;0;180;TASMIN;x;
2658;219;0;180;REILAC;x;
2659;167;0;225;YERNGARD;x;
2660;169;0;225;EMIN;x;
2661;171;0;225;KERIE;x;
2662;173;0;225;RYSENC;x;
2663;175;0;225;ULTICAS;x;
2664;13;11;255;AMERIC;x;
2665;13;11;253;IDAILA;x;
2666;13;11;251;BETINICA;x;
2667;13;11;249;RAGAR;x;
2668;13;11;247;ENDFELD;x;
2669;108;0;124;JALLUT;x;
2670;110;0;124;VALMER;x;
2671;104;0;124;OLSWUD;x;
2672;106;0;124;MAREISLE;x;
2673;102;0;124;SCHIRE;x;
2674;136;0;113;KIRCH;x;
2675;138;0;113;DYRSIC;x;
2676;140;0;113;TINFARD;x;
2677;142;0;113;GUISGOR;x;
2678;98;0;111;RELDIN;x;
2679;96;0;111;SATFIS;x;
2680;94;0;111;ARCITH;x;
2681;92;0;111;BALIM;x;
2682;103;0;135;TILIM;x;
2683;111;0;135;LINCRAF;x;
2684;109;0;135;SIRGAL;x;
2685;107;0;135;DEZA;x;
2686;105;0;135;RADACIS;x;
2687;113;0;135;AHMIRAS;x;
2688;240;0;217;ALDELEN;x;
2689;232;0;217;LANIGARD;x;
2690;234;0;217;VENDYLL;x;
2691;236;0;217;HERTIFURD;x;
2692;238;0;217;ALSTICAN;x;
2693;216;0;127;BARIANIS;x;
2694;214;0;127;PYLARIS;x;
2695;212;0;127;ULIM;x;
2696;210;0;127;HERINGAR;x;
2697;164;0;209;CHALBEK;x;
2698;166;0;209;BYCARA;x;
2699;168;0;209;NIRAM;x;
2700;170;0;209;ILATON;x;
2701;137;0;217;DELEZ;x;
2702;129;0;217;MIRTAN;x;
2703;131;0;217;LEUVAN;x;
2704;133;0;217;ALINFARD;x;
2705;135;0;217;CAPE EBOR;x;
2706;127;0;217;RAYVIC;x;
2707;249;0;217;GARTIC;x;
2708;251;0;217;WARL;x;
2709;253;0;217;KONAR;x;
2710;255;0;217;TRAFEN;x;
2711;247;0;217;STURLEN;x;
2712;38;28;230;HAREND;x;
2713;38;28;228;FALIOC;x;
2714;38;28;226;OLINTH;x;
2715;38;28;224;WESFAL;x;
2716;38;28;222;BYIRA;x;
2717;2;253;3;ORVAUL;x;
2718;0;200;121;TANIMARC;x;
2719;0;198;121;WESSFELD;x;
2720;0;196;121;GASBURG;x;
2721;0;194;121;TONERET;x;
2722;184;96;0;ASTUR;x;
2723;186;96;0;ITHCIL;x;
2724;188;96;0;YALENBY;x;
2725;190;96;0;MAZAR;x;
2726;240;0;255;BUVRAN;x;
2727;238;0;255;SHIRA;x;
2728;236;0;255;HOYGERIC;x;
2729;234;0;255;MATAIS;x;
2730;168;0;120;CHELEZ;x;
2731;170;0;120;INDICH;x;
2732;162;0;120;ERIS;x;
2733;164;0;120;RAVEND;x;
2734;166;0;120;TAGORIS;x;
2735;222;0;200;DAUNSGAR;x;
2736;224;0;200;ESMURID;x;
2737;226;0;200;INTHAR;x;
2738;228;0;200;FERDIR;x;
2739;230;0;200;TIFARD;x;
2740;88;180;0;EMER;x;
2741;90;180;0;SIRITOSQ;x;
2742;92;180;0;ULDICH;x;
2743;94;180;0;RUSARAS;x;
2744;164;111;0;ERBELET;x;
2745;166;111;0;NIZGEN;x;
2746;168;111;0;ILMIDER;x;
2747;207;0;215;IBDELES CASTLE;x;
2748;213;0;215;DELNEZ;x;
2749;211;0;215;JIRANDA;x;
2750;209;0;215;ARIONAZ;x;
2751;215;0;215;IBDELES;x;
2752;255;0;240;RULDI;x;
2753;255;0;238;JAULID;x;
2754;255;0;236;RENBOUGH;x;
2755;255;0;234;DURTFARD;x;
2756;144;0;209;BUILLIN;x;
2757;146;0;209;DOSSWIN;x;
2758;148;0;209;TALIDA;x;
2759;150;0;209;LONDIN;x;
2760;38;255;28;CALOVIST;x;
2761;38;253;28;DERIN;x;
2762;38;251;28;VESTRIS;x;
2763;38;249;28;HARGALON;x;
2764;38;247;28;IBARA;x;
2765;38;28;247;GISIM;x;
2766;38;28;245;NALICEST;x;
2767;38;28;253;KARINS;x;
2768;38;28;251;VARSDAL;x;
2769;38;28;249;ASCON;x;
2770;239;28;38;IBIRAN;x;
2771;237;28;38;WESDEL;x;
2772;245;28;38;SERNAC;x;
2773;243;28;38;ALIVAL;x;
2774;241;28;38;LENGAID;x;
2775;38;240;28;IYINDAH;x;
2776;38;238;28;ELINDARA;x;
2777;38;236;28;ESTAVEN;x;
2778;38;234;28;YALUCA;x;
2779;38;232;28;URODALE;x;
2780;101;255;109;ERGELLON;x;
2781;103;255;109;ROBURT;x;
2782;97;255;109;AVIBRYN;x;
2783;99;255;109;DELACIA;x;
2784;68;255;109;PAGUNDUR;x;
2785;70;255;109;ERYVAC;x;
2786;64;255;109;ARATA;x;
2787;66;255;109;ULTFURD;x;
2788;230;11;17;WESMIN;x;
2789;92;194;0;BALEISH;x;
2790;94;194;0;IRIGSDAN;x;
2791;96;194;0;TILGAT;x;
2792;98;194;0;NURMA;x;
2793;100;194;0;ELBE;x;
2794;194;100;0;MIRAN;x;
2795;196;100;0;GLACAN;x;
2796;198;100;0;BELSAV;x;
2797;200;100;0;CARST;x;
2798;109;0;92;MIRIDGE;x;
2799;111;0;92;AYSTID;x;
2800;105;0;92;AUDICS;x;
2801;107;0;92;ELIVAL;x;
2802;98;0;107;SAREN;x;
2803;96;0;107;RIBELD;x;
2804;90;0;107;EISFICK;x;
2805;88;0;107;BAUYIN;x;
2806;94;0;107;ROHITH;x;
2807;92;0;107;VORECSAND;x;
2808;92;0;88;THIBSIN;x;
2809;94;0;88;RALANLI;x;
2810;96;0;88;SAMINDAH;x;
2811;98;0;88;MEGAD;x;
2812;100;0;88;GLEGAD;x;
2813;71;1;245;DEREC;x;
2814;73;1;245;TIFELD;x;
2815;75;1;245;ICRINA;x;
2816;251;1;75;DORSCH;x;
2817;249;1;75;ESTIERE;x;
2818;255;1;75;MARINDAC;x;
2819;253;1;75;FERF;x;
2820;0;253;3;VYINCOURD;x;
2821;4;253;3;BILIN;x;
2822;6;253;3;YARAGAR;x;
2823;8;253;3;HILLOGES;x;
2824;10;253;3;CEVINSC;x;
2825;12;253;3;ETIBURG;x;
2826;1;255;128;NOMAR;x;
2827;1;255;124;ARYNISC;x;
2828;1;255;126;TAHLBERL;x;
2829;251;134;128;ORGAL;x;
2830;253;134;128;ALTGER;x;
2831;255;134;128;INSCOTH;x;
2832;129;255;50;KAVARY;x;
2833;131;255;50;SLIVA;x;
2834;133;255;50;TELIBRAS;x;
2835;135;255;50;SCITADI;x;
2836;255;102;104;ELIFRAS;x;
2837;253;102;104;LOVITAN;x;
2838;251;102;104;CLARTE;x;
2839;249;102;104;TROMACH;x;
2840;200;102;104;PEHAUT;x;
2841;198;102;104;SENIC;x;
2842;196;102;104;NOBERIS;x;
2843;194;102;104;OUBIS;x;
2844;200;171;0;SERTEAU;x;
2845;198;171;0;KILVEIS;x;
2846;194;171;0;DERTHAN;x;
2847;192;171;0;VINBERL;x;
2848;190;171;0;NORIV;x;
2849;255;11;17;WELYNSK;x;
2850;253;11;17;TORMARIV;x;
2851;251;11;17;LERIDARC;x;
2852;249;11;17;CAMEJA;x;
2853;0;111;211;LANEN;x;
2854;0;109;211;ARINCRES;x;
2855;0;107;211;CERLOT;x;
2856;0;105;211;PAILANS;x;
2857;0;103;211;OCHARTE;x;
2858;0;101;211;DARIS;x;
2859;206;171;9;ANCRID;x;
2860;208;171;9;TARAM;x;
2861;210;171;9;PALIDAS;x;
2862;255;114;7;Llyn Modris;x;
2863;255;216;119;Llyn Modris;x;
2864;110;42;211;Llyn Tywal;x;
2865;21;255;71;WAREYR;x;
2866;21;254;71;GWAERD;x;
2867;21;253;71;DONSIL;x;
2868;21;252;71;WYLLOG;x;
2869;21;250;71;PLUEN;x;
2870;21;249;71;ITEA;x;
2871;21;248;71;ETIEL;x;
2872;21;247;71;UBWY;x;
2873;21;246;71;ATGLIS;x;
2874;21;244;71;MARFEROL;x;
2875;21;243;71;FWYTA;x;
2876;21;242;71;ARWR;x;
2877;21;241;71;DIHIRYG;x;
2878;21;237;71;BRINDYFF;x;
2879;21;236;71;EIUNEAD;x;
2880;21;235;71;NIYWAUL;x;
2881;21;234;71;UNSEDD;x;
2882;21;230;71;CANOLYN;x;
2883;21;229;71;IONYID;x;
2884;21;228;71;CRUIN;x;
2885;21;226;71;OMHAN;x;
2886;21;225;71;LOASA;x;
2887;21;220;71;EITIR;x;
2888;21;219;71;ARSINSIR;x;
2889;21;218;71;SLIOCHT;x;
2890;21;214;71;GREDDYL;x;
2891;21;213;71;REDID;x;
2892;21;212;71;MENTER;x;
2893;21;211;71;TURIAU;x;
2894;21;209;71;FONTIR;x;
2895;21;208;71;CLOVIN;x;
2896;21;207;71;TAL FIUR;x;
2897;21;206;71;HARGYDD;x;
2898;21;200;71;AILBANA;x;
2899;21;201;71;NOICAN;x;
2900;21;202;71;CRAIN;x;
2901;21;198;71;LAIB;x;
2902;21;197;71;CONCH;x;
2903;21;196;71;PLIGWYN;x;
2904;21;195;71;ULTHON;x;
2905;21;193;71;DYWED;x;
2906;21;192;71;HINERYN;x;
2907;21;191;71;RADEG;x;
2908;21;190;71;PLICTOR;x;
2909;21;186;71;FARDEGLAS;x;
2910;21;185;71;FOLACH;x;
2911;21;184;71;ERCYLL;x;
2912;21;183;71;RYNUC;x;
2913;21;181;71;MAYMOR;x;
2914;21;180;71;CENRYN;x;
2915;21;179;71;THAOIR;x;
2916;21;177;71;SALW;x;
2917;21;176;71;CUNDER;x;
2918;21;175;71;OIDHACH;x;
2919;21;174;71;ALAINN;x;
2920;21;172;71;EANLITH;x;
2921;21;171;71;ILEAN;x;
2922;21;170;71;DRUNMHAR;x;
2923;21;169;71;BRIDAIN;x;
2924;21;164;71;CYNAFOL;x;
2925;21;165;71;MERCAWR;x;
2926;21;166;71;ARD OMRA;x;
2927;21;163;71;BHRASAI;x;
2928;21;159;71;MEIRACH;x;
2929;21;158;71;COILTAN;x;
2930;21;157;71;MEL;x;
2931;21;153;71;FAERILAIM;x;
2932;21;152;71;ITEOHIG;x;
2933;21;151;71;GWYANOC;x;
2934;21;150;71;TYNG;x;
2935;21;148;71;HUAIRAIC;x;
2936;21;147;71;TAL GYRN;x;
2937;21;146;71;SILTOAM;x;
2938;21;144;71;MEAMITH;x;
2939;21;143;71;ARD AIRS;x;
2940;21;142;71;OLMADUAIN;x;
2941;21;140;71;ISEACHIL;x;
2942;21;139;71;DOILHAN;x;
2943;21;138;71;CARAID;x;
2944;21;137;71;ANFHAIL;x;
2945;21;136;71;BOERDAN;x;
2946;21;135;71;ANACON;x;
2947;21;133;71;UTHAFAIN;x;
2948;21;132;71;DUSHIG;x;
2949;21;131;71;ANGHEN;x;
2950;21;130;71;TREFAC;x;
2951;21;128;71;LONFEIR;x;
2952;21;127;71;ACANITH;x;
2953;21;126;71;RAINAID;x;
2954;21;125;71;UITHAN;x;
2955;21;124;71;DIMARD;x;
2956;21;120;71;ARD BOIREN;x;
2957;21;119;71;DHIRID;x;
2958;21;118;71;TARGYD;x;
2959;21;116;71;BYR FIETH;x;
2960;21;115;71;POETAG;x;
2961;21;114;71;EIRAUNN;x;
2962;21;113;71;DAIAWN;x;
2963;21;111;71;TATUBAL;x;
2964;21;110;71;HAIDURN;x;
2965;21;109;71;DIDUIT;x;
